mtllib _uav_recon_drone_shop.mtl
o vehicle#fuse_0
v -0.059240 -0.020853 0.114880
v -0.034180 -0.000693 0.108090
v -0.033900 -0.025033 0.108610
v -0.059280 -0.003813 0.114790
v -0.074430 -0.003793 0.087240
v -0.034180 -0.000693 0.108090
v -0.059280 -0.003813 0.114790
v -0.055540 0.000387 0.069240
v -0.055260 -0.023943 0.069760
v -0.074430 -0.003793 0.087240
v -0.074390 -0.020843 0.087340
v -0.055540 0.000387 0.069240
v -0.059240 -0.020853 0.114880
v -0.055260 -0.023943 0.069760
v -0.074390 -0.020843 0.087340
v -0.033900 -0.025033 0.108610
v 0.059240 -0.020853 0.114880
v 0.034180 -0.000693 0.108090
v 0.059280 -0.003813 0.114790
v 0.033900 -0.025033 0.108610
v 0.074430 -0.003793 0.087240
v 0.034180 -0.000693 0.108090
v 0.055540 0.000387 0.069240
v 0.059280 -0.003813 0.114790
v 0.055260 -0.023943 0.069760
v 0.074430 -0.003793 0.087240
v 0.055540 0.000387 0.069240
v 0.074390 -0.020843 0.087340
v 0.059240 -0.020853 0.114880
v 0.055260 -0.023943 0.069760
v 0.033900 -0.025033 0.108610
v 0.074390 -0.020843 0.087340
v -0.035030 -0.015723 -0.107770
v -0.061970 -0.009303 -0.124730
v -0.064810 -0.015583 -0.119340
v -0.035740 -0.009013 -0.115320
v -0.062530 0.001087 -0.124710
v -0.035740 -0.009013 -0.115320
v -0.035750 0.006727 -0.114980
v -0.061970 -0.009303 -0.124730
v -0.077090 0.000837 -0.094250
v -0.049610 -0.017013 -0.075640
v -0.076680 -0.016663 -0.093880
v -0.049690 0.007637 -0.075440
v 0.035050 -0.015723 -0.107770
v 0.061970 -0.009303 -0.124730
v 0.035740 -0.009013 -0.115320
v 0.064810 -0.015583 -0.119340
v 0.062530 0.001087 -0.124710
v 0.035740 -0.009013 -0.115320
v 0.061970 -0.009303 -0.124730
v 0.035750 0.006727 -0.114980
v 0.077090 0.000837 -0.094250
v 0.049610 -0.017013 -0.075640
v 0.049690 0.007637 -0.075440
v 0.076680 -0.016603 -0.093890
v -0.026720 -0.065943 0.057180
v 0.026720 -0.053763 0.057180
v 0.026720 -0.065943 0.057180
v -0.026720 -0.053763 0.057180
v -0.026720 -0.066043 -0.037070
v -0.026720 -0.053763 0.057180
v -0.026720 -0.065943 0.057180
v -0.026720 -0.053873 -0.037070
v 0.026720 -0.066043 -0.037070
v -0.026720 -0.053873 -0.037070
v -0.026720 -0.066043 -0.037070
v 0.026720 -0.053873 -0.037070
v 0.026720 -0.065943 0.057180
v 0.026720 -0.053873 -0.037070
v 0.026720 -0.066043 -0.037070
v 0.026720 -0.053763 0.057180
v 0.036730 -0.054043 -0.080440
v 0.044450 -0.043243 -0.080440
v 0.042300 -0.054043 -0.080440
v 0.036730 -0.043243 -0.080440
v 0.023400 -0.053913 0.057070
v 0.023400 -0.049443 0.092560
v 0.023400 -0.053873 0.090220
v 0.023400 -0.049523 0.057070
v 0.036730 -0.043243 0.071550
v 0.044920 -0.043243 0.080300
v 0.044910 -0.043243 0.071550
v 0.036730 -0.043243 0.080300
v 0.044620 -0.043243 -0.071690
v 0.036730 -0.054033 -0.071690
v 0.042690 -0.054033 -0.071690
v 0.036730 -0.043243 -0.071690
v 0.036730 -0.043243 -0.080440
v 0.044620 -0.043243 -0.071690
v 0.044450 -0.043243 -0.080440
v 0.036730 -0.043243 -0.071690
v 0.036730 -0.053883 0.080300
v 0.036730 -0.043243 0.071550
v 0.036730 -0.053893 0.071550
v 0.036730 -0.043243 0.080300
v 0.036730 -0.053893 0.071550
v 0.044910 -0.043243 0.071550
v 0.042990 -0.053893 0.071550
v 0.036730 -0.043243 0.071550
v 0.044910 -0.043243 0.071550
v 0.042690 -0.054033 -0.071690
v 0.042990 -0.053893 0.071550
v 0.044620 -0.043243 -0.071690
v 0.047900 -0.024193 -0.081100
v 0.047920 -0.024253 -0.071140
v 0.048280 -0.025203 0.085940
v 0.044920 -0.043243 0.080300
v 0.044450 -0.043243 -0.080440
v 0.048290 -0.025253 0.094970
v 0.044720 -0.024203 -0.087800
v 0.043010 -0.053883 0.080300
v 0.043020 -0.053883 0.083680
v 0.041410 -0.053873 0.088410
v 0.045660 -0.025253 0.102660
v 0.037510 -0.053873 0.090220
v 0.038700 -0.025243 0.105890
v 0.031620 -0.025243 0.105890
v 0.029990 -0.053873 0.090220
v 0.023400 -0.049443 0.092560
v 0.023400 -0.053873 0.090220
v -0.032500 -0.025243 0.105890
v -0.023400 -0.049443 0.092560
v -0.031740 -0.053873 0.090220
v -0.023400 -0.053873 0.090220
v -0.038700 -0.025243 0.105890
v -0.037510 -0.053873 0.090220
v -0.045660 -0.025253 0.102660
v -0.041410 -0.053873 0.088410
v -0.048290 -0.025253 0.094970
v -0.043020 -0.053883 0.083680
v -0.043010 -0.053883 0.080300
v -0.044920 -0.043243 0.080300
v -0.048280 -0.025203 0.085930
v -0.044910 -0.043243 0.071550
v -0.047920 -0.024253 -0.071050
v -0.042690 -0.054033 -0.071690
v -0.042990 -0.053893 0.071550
v -0.044620 -0.043243 -0.071690
v -0.047900 -0.024193 -0.081100
v -0.044450 -0.043243 -0.080440
v 0.044920 -0.043243 0.080300
v 0.036730 -0.053883 0.080300
v 0.043010 -0.053883 0.080300
v 0.036730 -0.043243 0.080300
v 0.036730 -0.054033 -0.071690
v 0.036730 -0.043243 -0.080440
v 0.036730 -0.054043 -0.080440
v 0.036730 -0.043243 -0.071690
v -0.036730 -0.054043 -0.080440
v -0.044450 -0.043243 -0.080440
v -0.036730 -0.043243 -0.080440
v -0.042300 -0.054043 -0.080440
v -0.023400 -0.053913 0.057070
v 0.023400 -0.049523 0.057070
v 0.023400 -0.053913 0.057070
v -0.023400 -0.049523 0.057070
v -0.023400 -0.049523 0.057070
v 0.023400 -0.049443 0.092560
v 0.023400 -0.049523 0.057070
v -0.023400 -0.049443 0.092560
v -0.023400 -0.053913 0.057070
v -0.023400 -0.049443 0.092560
v -0.023400 -0.049523 0.057070
v -0.023400 -0.053873 0.090220
v -0.036730 -0.043243 0.071550
v -0.044920 -0.043243 0.080300
v -0.036730 -0.043243 0.080300
v -0.044910 -0.043243 0.071550
v -0.044620 -0.043243 -0.071690
v -0.036730 -0.054033 -0.071690
v -0.036730 -0.043243 -0.071690
v -0.042690 -0.054033 -0.071690
v -0.036730 -0.043243 -0.080440
v -0.044620 -0.043243 -0.071690
v -0.036730 -0.043243 -0.071690
v -0.044450 -0.043243 -0.080440
v -0.036730 -0.053883 0.080300
v -0.036730 -0.043243 0.071550
v -0.036730 -0.043243 0.080300
v -0.036730 -0.053893 0.071550
v -0.036730 -0.053893 0.071550
v -0.044910 -0.043243 0.071550
v -0.036730 -0.043243 0.071550
v -0.042990 -0.053893 0.071550
v -0.044920 -0.043243 0.080300
v -0.036730 -0.053883 0.080300
v -0.036730 -0.043243 0.080300
v -0.043010 -0.053883 0.080300
v -0.036730 -0.054033 -0.071690
v -0.036730 -0.043243 -0.080440
v -0.036730 -0.043243 -0.071690
v -0.036730 -0.054043 -0.080440
v 0.041440 -0.067253 -0.045120
v -0.041440 -0.067233 0.063590
v 0.041440 -0.067233 0.063590
v -0.041440 -0.067253 -0.045120
v 0.041440 -0.065803 0.063590
v -0.041440 -0.065813 -0.045120
v 0.041440 -0.065813 -0.045120
v -0.041440 -0.065803 0.063590
v -0.041440 -0.067233 0.063590
v 0.041440 -0.065803 0.063590
v 0.041440 -0.067233 0.063590
v -0.041440 -0.065803 0.063590
v -0.041440 -0.067253 -0.045120
v -0.041440 -0.065803 0.063590
v -0.041440 -0.067233 0.063590
v -0.041440 -0.065813 -0.045120
v 0.041440 -0.065813 -0.045120
v -0.041440 -0.067253 -0.045120
v 0.041440 -0.067253 -0.045120
v -0.041440 -0.065813 -0.045120
v 0.041440 -0.067233 0.063590
v 0.041440 -0.065813 -0.045120
v 0.041440 -0.067253 -0.045120
v 0.041440 -0.065803 0.063590
v 0.041440 -0.081453 -0.045120
v -0.041440 -0.081433 0.063590
v 0.041440 -0.081433 0.063590
v -0.041440 -0.081453 -0.045120
v 0.041440 -0.080003 0.063590
v -0.041440 -0.080013 -0.045120
v 0.041440 -0.080013 -0.045120
v -0.041440 -0.080003 0.063590
v -0.041440 -0.081433 0.063590
v 0.041440 -0.080003 0.063590
v 0.041440 -0.081433 0.063590
v -0.041440 -0.080003 0.063590
v -0.041440 -0.081453 -0.045120
v -0.041440 -0.080003 0.063590
v -0.041440 -0.081433 0.063590
v -0.041440 -0.080013 -0.045120
v 0.041440 -0.080013 -0.045120
v -0.041440 -0.081453 -0.045120
v 0.041440 -0.081453 -0.045120
v -0.041440 -0.080013 -0.045120
v 0.041440 -0.081433 0.063590
v 0.041440 -0.080013 -0.045120
v 0.041440 -0.081453 -0.045120
v 0.041440 -0.080003 0.063590
v -0.006360 -0.067163 0.024810
v 0.000260 -0.080153 0.022270
v 0.000270 -0.067173 0.022270
v -0.006370 -0.080143 0.024810
v -0.009260 -0.067163 0.031290
v -0.009270 -0.080143 0.031290
v -0.006720 -0.067163 0.037920
v -0.006730 -0.080143 0.037920
v -0.000240 -0.067163 0.040810
v -0.000250 -0.080143 0.040820
v 0.006390 -0.067163 0.038280
v 0.006390 -0.080143 0.038280
v 0.009280 -0.067173 0.031790
v 0.009280 -0.080153 0.031800
v 0.006750 -0.067173 0.025160
v 0.006740 -0.080153 0.025170
v 0.000270 -0.067173 0.022270
v 0.000260 -0.080153 0.022270
v -0.064810 -0.015583 -0.119340
v -0.046050 -0.015783 -0.107710
v -0.035030 -0.015723 -0.107770
v -0.049610 -0.017013 -0.075640
v -0.076680 -0.016663 -0.093880
v 0.064810 -0.015583 -0.119340
v 0.035050 -0.015723 -0.107770
v 0.046050 -0.015783 -0.107710
v 0.049610 -0.017013 -0.075640
v 0.076680 -0.016603 -0.093890
v -0.024920 -0.079803 -0.034540
v -0.026040 -0.082113 -0.039900
v -0.024910 -0.082113 -0.034540
v -0.026050 -0.079803 -0.039890
v -0.030630 -0.082113 -0.042900
v -0.030630 -0.079803 -0.042890
v -0.035990 -0.082113 -0.041770
v -0.035990 -0.079803 -0.041760
v -0.038990 -0.082113 -0.037180
v -0.038980 -0.079803 -0.037180
v -0.037870 -0.082113 -0.031810
v -0.037860 -0.079803 -0.031820
v -0.033270 -0.082113 -0.028820
v -0.033270 -0.079803 -0.028820
v -0.027910 -0.082113 -0.029950
v -0.027910 -0.079803 -0.029950
v -0.024910 -0.082113 -0.034540
v -0.024920 -0.079803 -0.034540
v 0.026760 -0.082113 -0.040790
v 0.024800 -0.079803 -0.035670
v 0.024790 -0.082113 -0.035670
v 0.026760 -0.079803 -0.040780
v 0.031760 -0.082113 -0.043020
v 0.031760 -0.079803 -0.043010
v 0.036880 -0.082113 -0.041050
v 0.036880 -0.079803 -0.041050
v 0.039110 -0.082113 -0.036050
v 0.039100 -0.079803 -0.036050
v 0.037150 -0.082113 -0.030930
v 0.037140 -0.079803 -0.030940
v 0.032140 -0.082113 -0.028700
v 0.032140 -0.079803 -0.028710
v 0.027030 -0.082113 -0.030660
v 0.027030 -0.079803 -0.030660
v 0.024790 -0.082113 -0.035670
v 0.024800 -0.079803 -0.035670
v -0.024800 -0.079803 0.055080
v -0.027020 -0.082113 0.050070
v -0.024790 -0.082113 0.055080
v -0.027030 -0.079803 0.050070
v -0.032140 -0.082113 0.048110
v -0.032140 -0.079803 0.048120
v -0.037150 -0.082113 0.050330
v -0.037140 -0.079803 0.050340
v -0.039110 -0.082113 0.055450
v -0.039100 -0.079803 0.055450
v -0.036890 -0.082113 0.060460
v -0.036880 -0.079803 0.060450
v -0.031770 -0.082113 0.062420
v -0.031770 -0.079803 0.062420
v -0.026760 -0.082113 0.060200
v -0.026760 -0.079803 0.060200
v -0.024790 -0.082113 0.055080
v -0.024800 -0.079803 0.055080
v 0.027340 -0.082113 0.049780
v 0.024820 -0.079803 0.054660
v 0.024820 -0.082113 0.054660
v 0.027340 -0.079803 0.049790
v 0.032560 -0.082113 0.048120
v 0.032560 -0.079803 0.048130
v 0.037430 -0.082113 0.050650
v 0.037420 -0.079803 0.050660
v 0.039090 -0.082113 0.055880
v 0.039080 -0.079803 0.055880
v 0.036570 -0.082113 0.060740
v 0.036560 -0.079803 0.060740
v 0.031340 -0.082113 0.062400
v 0.031340 -0.079803 0.062390
v 0.026480 -0.082113 0.059880
v 0.026480 -0.079803 0.059870
v 0.024820 -0.082113 0.054660
v 0.024820 -0.079803 0.054660
v -0.040860 0.005947 -0.112500
v -0.046500 0.007567 -0.103960
v -0.046470 0.005587 -0.104330
v -0.041110 0.009067 -0.112000
v -0.035750 0.006727 -0.114980
v -0.031970 0.012667 -0.116560
v -0.018310 0.015157 -0.121490
v -0.035740 -0.009013 -0.115320
v -0.018310 -0.003323 -0.121730
v 0.000000 -0.001673 -0.123590
v 0.000000 0.016237 -0.123650
v 0.018310 0.015157 -0.121490
v 0.018310 -0.003323 -0.121730
v 0.035740 -0.009013 -0.115320
v 0.035750 0.006727 -0.114980
v 0.031970 0.012667 -0.116560
v 0.041110 0.009067 -0.112000
v 0.040860 0.005947 -0.112500
v 0.046470 0.005587 -0.104330
v 0.046500 0.007567 -0.103960
v -0.000000 -0.081163 0.015030
v -0.008260 -0.103913 0.017250
v -0.000000 -0.103913 0.015030
v -0.008260 -0.081163 0.017250
v -0.014310 -0.103913 0.023290
v -0.014310 -0.081163 0.023290
v -0.016520 -0.103913 0.031550
v -0.016520 -0.081163 0.031550
v -0.014310 -0.103913 0.039820
v -0.014310 -0.081163 0.039820
v -0.008260 -0.103913 0.045870
v -0.008260 -0.081163 0.045860
v -0.000000 -0.103913 0.048080
v -0.000000 -0.081163 0.048080
v 0.008260 -0.103913 0.045870
v 0.008260 -0.081163 0.045860
v 0.014310 -0.103913 0.039820
v 0.014310 -0.081163 0.039820
v 0.016520 -0.103913 0.031550
v 0.016520 -0.081163 0.031550
v 0.014310 -0.103913 0.023290
v 0.014310 -0.081163 0.023290
v 0.008260 -0.103913 0.017250
v 0.008260 -0.081163 0.017250
v -0.000000 -0.103913 0.015030
v -0.000000 -0.081163 0.015030
v -0.071930 -0.042833 -0.093920
v -0.063140 0.004297 -0.102440
v -0.063140 -0.042933 -0.101800
v -0.071930 0.004397 -0.094560
v -0.083490 -0.042793 -0.091480
v -0.083490 0.004427 -0.092130
v -0.094710 -0.042843 -0.095150
v -0.094710 0.004377 -0.095800
v -0.102590 -0.042963 -0.103940
v -0.102590 0.004267 -0.104580
v -0.105030 -0.043113 -0.115500
v -0.105030 0.004107 -0.116140
v -0.101360 -0.043263 -0.126720
v -0.101360 0.003967 -0.127360
v -0.092570 0.003867 -0.135250
v -0.092570 -0.043373 -0.134600
v -0.081020 -0.043393 -0.137040
v -0.081020 0.003827 -0.137680
v -0.069800 -0.043353 -0.133360
v -0.069800 0.003877 -0.134010
v -0.061910 -0.043233 -0.124580
v -0.061910 0.003997 -0.125220
v -0.059480 -0.043083 -0.113020
v -0.059480 0.004147 -0.113670
v -0.063140 -0.042933 -0.101800
v -0.063140 0.004297 -0.102440
v 0.063140 0.004297 -0.102440
v 0.071930 -0.042833 -0.093920
v 0.063140 -0.042933 -0.101800
v 0.071930 0.004397 -0.094560
v 0.083490 -0.042793 -0.091480
v 0.083490 0.004427 -0.092130
v 0.094710 -0.042843 -0.095150
v 0.094710 0.004377 -0.095800
v 0.102590 -0.042963 -0.103940
v 0.102590 0.004267 -0.104580
v 0.105030 -0.043113 -0.115500
v 0.105030 0.004117 -0.116140
v 0.101360 -0.043263 -0.126720
v 0.101360 0.003967 -0.127360
v 0.092570 0.003867 -0.135250
v 0.092570 -0.043373 -0.134600
v 0.081020 -0.043393 -0.137040
v 0.081020 0.003827 -0.137680
v 0.069800 -0.043353 -0.133360
v 0.069800 0.003877 -0.134010
v 0.061910 -0.043233 -0.124580
v 0.061910 0.003997 -0.125220
v 0.059480 -0.043083 -0.113020
v 0.059480 0.004147 -0.113670
v 0.063140 -0.042933 -0.101800
v 0.063140 0.004297 -0.102440
v 0.069640 -0.025593 0.087540
v 0.060750 0.020947 0.095310
v 0.060750 -0.025593 0.095310
v 0.069640 0.020947 0.087540
v 0.081220 -0.025593 0.085240
v 0.081220 0.020947 0.085240
v 0.092390 -0.025593 0.089060
v 0.092390 0.020947 0.089060
v 0.100170 -0.025593 0.097940
v 0.100170 0.020947 0.097940
v 0.102460 -0.025593 0.109530
v 0.102460 0.020947 0.109530
v 0.098650 -0.025593 0.120710
v 0.098650 0.020947 0.120710
v 0.089770 0.020947 0.128470
v 0.089770 -0.025593 0.128470
v 0.078190 -0.025593 0.130770
v 0.078190 0.020947 0.130770
v 0.067000 -0.025593 0.126960
v 0.067000 0.020947 0.126960
v 0.059230 -0.025593 0.118070
v 0.059230 0.020947 0.118070
v 0.056940 -0.025593 0.106490
v 0.056940 0.020947 0.106490
v 0.060750 -0.025593 0.095310
v 0.060750 0.020947 0.095310
v -0.060750 0.020947 0.095310
v -0.069640 -0.025593 0.087540
v -0.060750 -0.025593 0.095310
v -0.069640 0.020947 0.087540
v -0.081220 -0.025593 0.085240
v -0.081220 0.020947 0.085240
v -0.092390 -0.025593 0.089060
v -0.092390 0.020947 0.089060
v -0.100170 -0.025593 0.097940
v -0.100170 0.020947 0.097940
v -0.102460 -0.025593 0.109530
v -0.102460 0.020947 0.109530
v -0.098650 -0.025593 0.120710
v -0.098650 0.020947 0.120710
v -0.089770 0.020947 0.128470
v -0.089770 -0.025593 0.128470
v -0.078190 -0.025593 0.130770
v -0.078190 0.020947 0.130770
v -0.067000 -0.025593 0.126960
v -0.067000 0.020947 0.126960
v -0.059240 -0.025593 0.118070
v -0.059240 0.020947 0.118070
v -0.056940 -0.025593 0.106490
v -0.056940 0.020947 0.106490
v -0.060750 -0.025593 0.095310
v -0.060750 0.020947 0.095310
v -0.062530 0.001087 -0.124710
v -0.049690 0.007637 -0.075440
v -0.077090 0.000837 -0.094250
v -0.046470 0.005587 -0.104330
v -0.040860 0.005947 -0.112500
v -0.035750 0.006727 -0.114980
v -0.032710 -0.029453 -0.092310
v -0.046050 -0.015783 -0.107710
v -0.046640 -0.023263 -0.099280
v -0.035030 -0.015723 -0.107770
v -0.018310 -0.003323 -0.121730
v -0.035740 -0.009013 -0.115320
v -0.018810 -0.031493 -0.090020
v 0.000000 -0.032513 -0.088880
v 0.000000 -0.001673 -0.123590
v 0.018310 -0.003323 -0.121730
v 0.018800 -0.031493 -0.090020
v 0.032710 -0.029453 -0.092310
v 0.035050 -0.015723 -0.107770
v 0.035740 -0.009013 -0.115320
v 0.046050 -0.015783 -0.107710
v 0.046640 -0.023263 -0.099280
v -0.049610 -0.017013 -0.075640
v -0.046640 -0.023263 -0.099280
v -0.046050 -0.015783 -0.107710
v -0.052350 -0.024493 -0.051820
v -0.052360 0.010997 -0.051970
v -0.049690 0.007637 -0.075440
v -0.046470 0.005587 -0.104330
v -0.046500 0.007567 -0.103960
v -0.056900 -0.023993 0.032480
v -0.056900 0.011557 0.032330
v -0.057260 0.009467 0.090850
v -0.057260 -0.023453 0.091010
v -0.052410 -0.024693 0.105310
v -0.052410 0.010887 0.105230
v -0.039500 -0.027763 0.118130
v -0.039500 0.014387 0.118110
v -0.022600 -0.030123 0.121960
v -0.022600 0.016957 0.121940
v -0.000000 -0.031183 0.123690
v -0.000000 0.018097 0.123650
v 0.022590 0.016957 0.121940
v 0.022590 -0.030123 0.121960
v 0.039500 0.014387 0.118110
v 0.039500 -0.027763 0.118130
v 0.052410 0.010887 0.105230
v 0.052410 -0.024693 0.105310
v 0.057260 0.009467 0.090850
v 0.057260 -0.023453 0.091010
v 0.056900 -0.023993 0.032480
v 0.056900 0.011557 0.032330
v 0.052350 0.010997 -0.051970
v 0.052350 -0.024493 -0.051820
v 0.046470 0.005587 -0.104330
v 0.046500 0.007567 -0.103960
v 0.049690 0.007637 -0.075440
v 0.049610 -0.017013 -0.075640
v 0.046640 -0.023263 -0.099280
v 0.046050 -0.015783 -0.107710
v 0.049690 0.007637 -0.075440
v 0.062530 0.001087 -0.124710
v 0.077090 0.000837 -0.094250
v 0.046470 0.005587 -0.104330
v 0.040860 0.005947 -0.112500
v 0.035750 0.006727 -0.114980
v 0.040780 -0.054043 -0.083610
v 0.042300 -0.054043 -0.080440
v 0.037590 -0.024203 -0.090540
v 0.036580 -0.054043 -0.085220
v 0.030610 -0.024203 -0.090540
v 0.029790 -0.054043 -0.085220
v -0.029930 -0.054043 -0.085220
v -0.030750 -0.024203 -0.090540
v -0.036580 -0.054043 -0.085220
v -0.037590 -0.024203 -0.090540
v -0.040780 -0.054043 -0.083610
v -0.044720 -0.024203 -0.087800
v -0.044450 -0.043243 -0.080440
v -0.047900 -0.024193 -0.081100
v -0.042300 -0.054043 -0.080440
v -0.052410 0.010887 0.105230
v -0.057260 0.009467 0.090850
v -0.056900 0.011557 0.032330
v -0.039180 0.016937 0.032290
v -0.039500 0.014387 0.118110
v -0.052360 0.010997 -0.051970
v -0.022420 0.019457 0.032260
v -0.022600 0.016957 0.121940
v -0.041110 0.009067 -0.112000
v -0.046500 0.007567 -0.103960
v -0.036500 0.016377 -0.052080
v -0.031970 0.012667 -0.116560
v -0.020920 0.018897 -0.052110
v -0.018310 0.015157 -0.121490
v 0.000000 0.020047 -0.052120
v 0.000000 0.016237 -0.123650
v 0.018310 0.015157 -0.121490
v -0.000000 0.020607 0.032240
v -0.000000 0.018097 0.123650
v 0.022590 0.016957 0.121940
v 0.020920 0.018897 -0.052110
v 0.031970 0.012667 -0.116560
v 0.022420 0.019457 0.032260
v 0.039500 0.014387 0.118110
v 0.036490 0.016377 -0.052080
v 0.039180 0.016937 0.032290
v 0.052410 0.010887 0.105230
v 0.046500 0.007567 -0.103960
v 0.041110 0.009067 -0.112000
v 0.052350 0.010997 -0.051970
v 0.056900 0.011557 0.032330
v 0.057260 0.009467 0.090850
v -0.026080 -0.069463 -0.034750
v -0.027590 -0.067183 -0.029480
v -0.024350 -0.067183 -0.034430
v -0.028580 -0.069463 -0.030930
v -0.033380 -0.067183 -0.028260
v -0.023760 -0.073583 -0.034320
v -0.027250 -0.073583 -0.028980
v -0.026080 -0.077713 -0.034750
v -0.033050 -0.069463 -0.029990
v -0.038330 -0.067183 -0.031490
v -0.028580 -0.077713 -0.030930
v -0.024920 -0.079803 -0.034540
v -0.027910 -0.079803 -0.029950
v -0.033490 -0.073583 -0.027670
v -0.033050 -0.077713 -0.029990
v -0.033270 -0.079803 -0.028820
v -0.036890 -0.069463 -0.032480
v -0.039550 -0.067183 -0.037290
v -0.038830 -0.073583 -0.031150
v -0.037830 -0.069463 -0.036960
v -0.036320 -0.067183 -0.042240
v -0.036890 -0.077713 -0.032480
v -0.037860 -0.079803 -0.031820
v -0.035320 -0.069463 -0.040790
v -0.030520 -0.067183 -0.043450
v -0.040140 -0.073583 -0.037390
v -0.037830 -0.077713 -0.036960
v -0.038980 -0.079803 -0.037180
v -0.036650 -0.073583 -0.042740
v -0.035320 -0.077713 -0.040790
v -0.035990 -0.079803 -0.041760
v -0.030850 -0.069463 -0.041730
v -0.025570 -0.067183 -0.040220
v -0.030410 -0.073583 -0.044050
v -0.027020 -0.069463 -0.039230
v -0.024350 -0.067183 -0.034430
v -0.026080 -0.069463 -0.034750
v -0.025070 -0.073583 -0.040560
v -0.023760 -0.073583 -0.034320
v -0.030850 -0.077713 -0.041730
v -0.030630 -0.079803 -0.042890
v -0.027020 -0.077713 -0.039230
v -0.026080 -0.077713 -0.034750
v -0.026050 -0.079803 -0.039890
v -0.024920 -0.079803 -0.034540
v 0.026640 -0.067183 -0.030250
v 0.025980 -0.069463 -0.035700
v 0.024230 -0.067183 -0.035650
v 0.027840 -0.069463 -0.031520
v 0.023620 -0.073583 -0.035630
v 0.032160 -0.067183 -0.028130
v 0.032110 -0.069463 -0.029890
v 0.037560 -0.067183 -0.030540
v 0.026220 -0.073583 -0.029810
v 0.025980 -0.077713 -0.035700
v 0.036290 -0.069463 -0.031750
v 0.039680 -0.067183 -0.036060
v 0.027840 -0.077713 -0.031520
v 0.024800 -0.079803 -0.035670
v 0.027030 -0.079803 -0.030660
v 0.032180 -0.073583 -0.027530
v 0.032110 -0.077713 -0.029890
v 0.032140 -0.079803 -0.028710
v 0.038000 -0.073583 -0.030130
v 0.036290 -0.077713 -0.031750
v 0.037140 -0.079803 -0.030940
v 0.037920 -0.069463 -0.036010
v 0.037270 -0.067183 -0.041460
v 0.040290 -0.073583 -0.036080
v 0.036060 -0.069463 -0.040190
v 0.031750 -0.067183 -0.043590
v 0.037920 -0.077713 -0.036010
v 0.039100 -0.079803 -0.036050
v 0.037680 -0.073583 -0.041910
v 0.036060 -0.077713 -0.040190
v 0.036880 -0.079803 -0.041050
v 0.031790 -0.069463 -0.041830
v 0.026340 -0.067183 -0.041170
v 0.031730 -0.073583 -0.044190
v 0.027620 -0.069463 -0.039970
v 0.024230 -0.067183 -0.035650
v 0.025980 -0.069463 -0.035700
v 0.025900 -0.073583 -0.041590
v 0.023620 -0.073583 -0.035630
v 0.031790 -0.077713 -0.041830
v 0.031760 -0.079803 -0.043010
v 0.027620 -0.077713 -0.039970
v 0.025980 -0.077713 -0.035700
v 0.026760 -0.079803 -0.040780
v 0.024800 -0.079803 -0.035670
v -0.025980 -0.069463 0.055110
v -0.026350 -0.067183 0.060590
v -0.024230 -0.067183 0.055070
v -0.027620 -0.069463 0.059380
v -0.031750 -0.067183 0.062990
v -0.023620 -0.073583 0.055050
v -0.025910 -0.073583 0.061000
v -0.025980 -0.077713 0.055110
v -0.031800 -0.069463 0.061240
v -0.037280 -0.067183 0.060870
v -0.027620 -0.077713 0.059380
v -0.024800 -0.079803 0.055080
v -0.026760 -0.079803 0.060200
v -0.031740 -0.073583 0.063600
v -0.031800 -0.077713 0.061240
v -0.031770 -0.079803 0.062420
v -0.036060 -0.069463 0.059600
v -0.039680 -0.067183 0.055460
v -0.037690 -0.073583 0.061310
v -0.037920 -0.069463 0.055420
v -0.037560 -0.067183 0.049940
v -0.036060 -0.077713 0.059600
v -0.036880 -0.079803 0.060450
v -0.036290 -0.069463 0.051150
v -0.032150 -0.067183 0.047540
v -0.040290 -0.073583 0.055480
v -0.037920 -0.077713 0.055420
v -0.039100 -0.079803 0.055450
v -0.038000 -0.073583 0.049530
v -0.036290 -0.077713 0.051150
v -0.037140 -0.079803 0.050340
v -0.032100 -0.069463 0.049290
v -0.026630 -0.067183 0.049660
v -0.032170 -0.073583 0.046940
v -0.027840 -0.069463 0.050930
v -0.024230 -0.067183 0.055070
v -0.025980 -0.069463 0.055110
v -0.026210 -0.073583 0.049220
v -0.023620 -0.073583 0.055050
v -0.032100 -0.077713 0.049290
v -0.032140 -0.079803 0.048120
v -0.027830 -0.077713 0.050930
v -0.025980 -0.077713 0.055110
v -0.027030 -0.079803 0.050070
v -0.024800 -0.079803 0.055080
v 0.026040 -0.067183 0.060240
v 0.026000 -0.069463 0.054750
v 0.024250 -0.067183 0.054610
v 0.027380 -0.069463 0.059110
v 0.023650 -0.073583 0.054560
v 0.031290 -0.067183 0.062970
v 0.031440 -0.069463 0.061220
v 0.036930 -0.067183 0.061180
v 0.025570 -0.073583 0.060630
v 0.026000 -0.077713 0.054750
v 0.035800 -0.069463 0.059830
v 0.039660 -0.067183 0.055930
v 0.027380 -0.077713 0.059110
v 0.024820 -0.079803 0.054660
v 0.026480 -0.079803 0.059870
v 0.031240 -0.073583 0.063560
v 0.031440 -0.077713 0.061220
v 0.031340 -0.079803 0.062390
v 0.037320 -0.073583 0.061640
v 0.035800 -0.077713 0.059830
v 0.036560 -0.079803 0.060740
v 0.037910 -0.069463 0.055770
v 0.037870 -0.067183 0.050290
v 0.040250 -0.073583 0.055980
v 0.036520 -0.069463 0.051410
v 0.032620 -0.067183 0.047560
v 0.037910 -0.077713 0.055770
v 0.039080 -0.079803 0.055880
v 0.038320 -0.073583 0.049890
v 0.036520 -0.077713 0.051420
v 0.037420 -0.079803 0.050660
v 0.032460 -0.069463 0.049310
v 0.026970 -0.067183 0.049360
v 0.032660 -0.073583 0.046960
v 0.028110 -0.069463 0.050690
v 0.024250 -0.067183 0.054610
v 0.026000 -0.069463 0.054750
v 0.026580 -0.073583 0.048890
v 0.023650 -0.073583 0.054560
v 0.032460 -0.077713 0.049310
v 0.032560 -0.079803 0.048130
v 0.028110 -0.077713 0.050690
v 0.026000 -0.077713 0.054750
v 0.027340 -0.079803 0.049790
v 0.024820 -0.079803 0.054660
v -0.036730 -0.053893 0.071550
v -0.042690 -0.054033 -0.071690
v -0.042990 -0.053893 0.071550
v -0.036730 -0.054033 -0.071690
v -0.023400 -0.053913 0.057070
v -0.023400 -0.053873 0.090220
v -0.036730 -0.053883 0.080300
v 0.023400 -0.053913 0.057070
v -0.031740 -0.053873 0.090220
v -0.037510 -0.053873 0.090220
v -0.041410 -0.053873 0.088410
v -0.043020 -0.053883 0.083680
v -0.043010 -0.053883 0.080300
v 0.036730 -0.054033 -0.071690
v -0.036730 -0.054043 -0.080440
v 0.036730 -0.053893 0.071550
v 0.023400 -0.053873 0.090220
v 0.042690 -0.054033 -0.071690
v 0.042990 -0.053893 0.071550
v 0.036730 -0.053883 0.080300
v 0.029990 -0.053873 0.090220
v 0.037510 -0.053873 0.090220
v 0.041410 -0.053873 0.088410
v 0.043020 -0.053883 0.083680
v 0.043010 -0.053883 0.080300
v 0.036730 -0.054043 -0.080440
v 0.042300 -0.054043 -0.080440
v 0.040780 -0.054043 -0.083610
v 0.036580 -0.054043 -0.085220
v 0.029790 -0.054043 -0.085220
v -0.029930 -0.054043 -0.085220
v -0.042300 -0.054043 -0.080440
v -0.040780 -0.054043 -0.083610
v -0.036580 -0.054043 -0.085220
v -0.035990 -0.082113 -0.041770
v -0.026040 -0.082113 -0.039900
v -0.030630 -0.082113 -0.042900
v -0.024910 -0.082113 -0.034540
v -0.027910 -0.082113 -0.029950
v -0.033270 -0.082113 -0.028820
v -0.037870 -0.082113 -0.031810
v -0.038990 -0.082113 -0.037180
v 0.026760 -0.082113 -0.040790
v 0.036880 -0.082113 -0.041050
v 0.031760 -0.082113 -0.043020
v 0.039110 -0.082113 -0.036050
v 0.037150 -0.082113 -0.030930
v 0.032140 -0.082113 -0.028700
v 0.027030 -0.082113 -0.030660
v 0.024790 -0.082113 -0.035670
v -0.037150 -0.082113 0.050330
v -0.027020 -0.082113 0.050070
v -0.032140 -0.082113 0.048110
v -0.024790 -0.082113 0.055080
v -0.026760 -0.082113 0.060200
v -0.031770 -0.082113 0.062420
v -0.036890 -0.082113 0.060460
v -0.039110 -0.082113 0.055450
v 0.027340 -0.082113 0.049780
v 0.037430 -0.082113 0.050650
v 0.032560 -0.082113 0.048120
v 0.039090 -0.082113 0.055880
v 0.036570 -0.082113 0.060740
v 0.031340 -0.082113 0.062400
v 0.026480 -0.082113 0.059880
v 0.024820 -0.082113 0.054660
v -0.052350 -0.024493 -0.051820
v -0.032710 -0.029453 -0.092310
v -0.046640 -0.023263 -0.099280
v -0.036470 -0.028813 -0.051890
v -0.018810 -0.031493 -0.090020
v -0.020870 -0.031223 -0.051920
v 0.000000 -0.032513 -0.088880
v -0.039460 -0.028393 0.032480
v -0.056900 -0.023993 0.032480
v -0.057260 -0.023453 0.091010
v -0.052410 -0.024693 0.105310
v -0.039500 -0.027763 0.118130
v -0.022600 -0.030803 0.032450
v -0.022600 -0.030123 0.121960
v -0.000000 -0.031913 0.032450
v -0.000000 -0.031183 0.123690
v 0.022590 -0.030123 0.121960
v 0.000000 -0.032343 -0.051920
v 0.020870 -0.031223 -0.051920
v 0.018800 -0.031493 -0.090020
v 0.022600 -0.030803 0.032450
v 0.039500 -0.027763 0.118130
v 0.036470 -0.028813 -0.051890
v 0.032710 -0.029453 -0.092310
v 0.039460 -0.028393 0.032480
v 0.052410 -0.024693 0.105310
v 0.057260 -0.023453 0.091010
v 0.056900 -0.023993 0.032480
v 0.052350 -0.024493 -0.051820
v 0.046640 -0.023263 -0.099280
v 0.014310 -0.103913 0.023290
v 0.014310 -0.103913 0.039820
v 0.016520 -0.103913 0.031550
v 0.008260 -0.103913 0.045870
v -0.000000 -0.103913 0.048080
v -0.008260 -0.103913 0.045870
v -0.014310 -0.103913 0.039820
v -0.016520 -0.103913 0.031550
v -0.014310 -0.103913 0.023290
v -0.008260 -0.103913 0.017250
v -0.000000 -0.103913 0.015030
v 0.008260 -0.103913 0.017250
v -0.069800 -0.043353 -0.133360
v -0.059480 -0.043083 -0.113020
v -0.061910 -0.043233 -0.124580
v -0.063140 -0.042933 -0.101800
v -0.071930 -0.042833 -0.093920
v -0.083490 -0.042793 -0.091480
v -0.094710 -0.042843 -0.095150
v -0.102590 -0.042963 -0.103940
v -0.105030 -0.043113 -0.115500
v -0.101360 -0.043263 -0.126720
v -0.092570 -0.043373 -0.134600
v -0.081020 -0.043393 -0.137040
v -0.081020 0.003827 -0.137680
v -0.101360 0.003967 -0.127360
v -0.092570 0.003867 -0.135250
v -0.105030 0.004107 -0.116140
v -0.102590 0.004267 -0.104580
v -0.094710 0.004377 -0.095800
v -0.083490 0.004427 -0.092130
v -0.071930 0.004397 -0.094560
v -0.063140 0.004297 -0.102440
v -0.059480 0.004147 -0.113670
v -0.061910 0.003997 -0.125220
v -0.069800 0.003877 -0.134010
v 0.069800 -0.043353 -0.133360
v 0.092570 -0.043373 -0.134600
v 0.081020 -0.043393 -0.137040
v 0.101360 -0.043263 -0.126720
v 0.105030 -0.043113 -0.115500
v 0.102590 -0.042963 -0.103940
v 0.094710 -0.042843 -0.095150
v 0.083490 -0.042793 -0.091480
v 0.071930 -0.042833 -0.093920
v 0.063140 -0.042933 -0.101800
v 0.059480 -0.043083 -0.113020
v 0.061910 -0.043233 -0.124580
v 0.081020 0.003827 -0.137680
v 0.061910 0.003997 -0.125220
v 0.069800 0.003877 -0.134010
v 0.059480 0.004147 -0.113670
v 0.063140 0.004297 -0.102440
v 0.071930 0.004397 -0.094560
v 0.083490 0.004427 -0.092130
v 0.094710 0.004377 -0.095800
v 0.102590 0.004267 -0.104580
v 0.105030 0.004117 -0.116140
v 0.101360 0.003967 -0.127360
v 0.092570 0.003867 -0.135250
v 0.067000 -0.025593 0.126960
v 0.056940 -0.025593 0.106490
v 0.059230 -0.025593 0.118070
v 0.060750 -0.025593 0.095310
v 0.069640 -0.025593 0.087540
v 0.081220 -0.025593 0.085240
v 0.092390 -0.025593 0.089060
v 0.100170 -0.025593 0.097940
v 0.102460 -0.025593 0.109530
v 0.098650 -0.025593 0.120710
v 0.089770 -0.025593 0.128470
v 0.078190 -0.025593 0.130770
v 0.078190 0.020947 0.130770
v 0.098650 0.020947 0.120710
v 0.089770 0.020947 0.128470
v 0.102460 0.020947 0.109530
v 0.100170 0.020947 0.097940
v 0.092390 0.020947 0.089060
v 0.081220 0.020947 0.085240
v 0.069640 0.020947 0.087540
v 0.060750 0.020947 0.095310
v 0.056940 0.020947 0.106490
v 0.059230 0.020947 0.118070
v 0.067000 0.020947 0.126960
v -0.067000 -0.025593 0.126960
v -0.089770 -0.025593 0.128470
v -0.078190 -0.025593 0.130770
v -0.098650 -0.025593 0.120710
v -0.102460 -0.025593 0.109530
v -0.100170 -0.025593 0.097940
v -0.092390 -0.025593 0.089060
v -0.081220 -0.025593 0.085240
v -0.069640 -0.025593 0.087540
v -0.060750 -0.025593 0.095310
v -0.056940 -0.025593 0.106490
v -0.059240 -0.025593 0.118070
v -0.078190 0.020947 0.130770
v -0.059240 0.020947 0.118070
v -0.067000 0.020947 0.126960
v -0.056940 0.020947 0.106490
v -0.060750 0.020947 0.095310
v -0.069640 0.020947 0.087540
v -0.081220 0.020947 0.085240
v -0.092390 0.020947 0.089060
v -0.100170 0.020947 0.097940
v -0.102460 0.020947 0.109530
v -0.098650 0.020947 0.120710
v -0.089770 0.020947 0.128470
vt 0.78000 -0.18680
vt 0.73630 -0.14920
vt 0.73630 -0.17920
vt 0.78000 -0.14380
vt 0.07720 -0.07130
vt 0.14430 -0.11600
vt 0.15530 -0.07400
vt 0.08910 -0.11620
vt 0.12360 -0.05200
vt 0.07770 -0.01560
vt 0.07770 -0.05860
vt 0.12360 -0.02320
vt 0.23880 -0.09870
vt 0.17140 -0.05570
vt 0.16070 -0.09870
vt 0.22690 -0.05370
vt 0.78000 -0.18680
vt 0.73410 -0.14920
vt 0.78000 -0.14380
vt 0.73410 -0.17920
vt 0.07720 -0.07130
vt 0.14430 -0.11600
vt 0.08910 -0.11620
vt 0.15530 -0.07400
vt 0.12360 -0.05200
vt 0.07770 -0.01560
vt 0.12360 -0.02320
vt 0.07770 -0.05860
vt 0.23880 -0.09870
vt 0.17140 -0.05570
vt 0.22690 -0.05370
vt 0.16070 -0.09870
vt 0.98410 -0.44980
vt 0.92970 -0.46690
vt 0.92800 -0.45150
vt 0.97880 -0.46690
vt 0.18530 -0.02370
vt 0.13530 -0.04180
vt 0.13530 -0.01390
vt 0.18440 -0.04180
vt 0.10940 -0.32140
vt 0.16800 -0.35240
vt 0.11060 -0.35240
vt 0.16800 -0.30920
vt 0.44620 -0.79020
vt 0.39150 -0.77340
vt 0.44050 -0.77340
vt 0.39000 -0.78850
vt 0.54020 -0.04030
vt 0.49010 -0.02220
vt 0.53940 -0.02220
vt 0.49010 -0.05010
vt 0.76480 -0.30160
vt 0.73410 -0.24320
vt 0.77730 -0.24320
vt 0.73410 -0.30040
vt 0.75480 -0.62080
vt 0.77610 -0.71500
vt 0.75480 -0.71500
vt 0.77610 -0.62080
vt 0.16920 -0.13240
vt 0.33500 -0.11090
vt 0.33500 -0.13240
vt 0.16920 -0.11090
vt 0.75480 -0.62080
vt 0.77610 -0.71500
vt 0.75480 -0.71500
vt 0.77610 -0.62080
vt 0.33500 -0.13240
vt 0.16920 -0.11090
vt 0.16920 -0.13240
vt 0.33500 -0.11090
vt 0.47810 -0.78750
vt 0.45910 -0.77510
vt 0.47810 -0.77510
vt 0.45910 -0.78750
vt 0.98440 -0.92410
vt 0.97660 -0.98660
vt 0.98440 -0.98240
vt 0.97660 -0.92410
vt 0.45100 -0.14040
vt 0.43690 -0.15580
vt 0.43690 -0.14040
vt 0.45100 -0.15580
vt 0.45910 -0.78750
vt 0.47810 -0.77510
vt 0.47810 -0.78750
vt 0.45910 -0.77510
vt 0.45100 -0.14040
vt 0.43690 -0.15580
vt 0.43690 -0.14040
vt 0.45100 -0.15580
vt 0.75480 -0.60880
vt 0.77020 -0.59000
vt 0.77020 -0.60880
vt 0.75480 -0.59000
vt 0.47810 -0.78750
vt 0.45910 -0.77510
vt 0.47810 -0.77510
vt 0.45910 -0.78750
vt 0.45010 -0.38390
vt 0.19830 -0.36460
vt 0.45010 -0.36460
vt 0.19830 -0.38360
vt 0.18460 -0.41780
vt 0.20000 -0.41780
vt 0.47370 -0.41780
vt 0.46570 -0.38290
vt 0.18320 -0.38390
vt 0.48670 -0.41780
vt 0.17390 -0.41780
vt 0.46940 -0.36240
vt 0.47640 -0.36240
vt 0.48740 -0.36240
vt 0.49690 -0.41780
vt 0.49740 -0.36240
vt 0.50650 -0.41780
vt 0.51500 -0.41780
vt 0.51310 -0.36240
vt 0.52650 -0.36970
vt 0.52530 -0.36240
vt 0.62420 -0.41780
vt 0.61100 -0.36950
vt 0.62760 -0.36210
vt 0.61220 -0.36210
vt 0.63150 -0.41780
vt 0.64030 -0.36210
vt 0.64150 -0.41780
vt 0.65080 -0.36210
vt 0.65250 -0.41780
vt 0.66200 -0.36210
vt 0.66910 -0.36210
vt 0.67350 -0.38290
vt 0.66570 -0.41780
vt 0.68960 -0.38390
vt 0.94040 -0.41780
vt 0.94140 -0.36480
vt 0.68940 -0.36480
vt 0.94140 -0.38390
vt 0.95800 -0.41780
vt 0.95680 -0.38390
vt 0.45910 -0.78750
vt 0.47810 -0.77510
vt 0.47810 -0.78750
vt 0.45910 -0.77510
vt 0.75480 -0.60880
vt 0.77020 -0.59000
vt 0.77020 -0.60880
vt 0.75480 -0.59000
vt 0.47810 -0.77510
vt 0.45910 -0.78750
vt 0.45910 -0.77510
vt 0.47810 -0.78750
vt 0.88470 -0.02320
vt 0.96730 -0.01560
vt 0.96730 -0.02320
vt 0.88470 -0.01560
vt 0.95070 -0.52140
vt 0.86840 -0.58390
vt 0.86840 -0.52140
vt 0.95070 -0.58390
vt 0.98440 -0.92410
vt 0.97660 -0.98660
vt 0.97660 -0.92410
vt 0.98440 -0.98240
vt 0.43690 -0.14040
vt 0.45100 -0.15580
vt 0.43690 -0.15580
vt 0.45100 -0.14040
vt 0.45910 -0.77510
vt 0.47810 -0.78750
vt 0.45910 -0.78750
vt 0.47810 -0.77510
vt 0.43690 -0.14040
vt 0.45100 -0.15580
vt 0.43690 -0.15580
vt 0.45100 -0.14040
vt 0.77020 -0.60880
vt 0.75480 -0.59000
vt 0.77020 -0.59000
vt 0.75480 -0.60880
vt 0.47810 -0.77510
vt 0.45910 -0.78750
vt 0.45910 -0.77510
vt 0.47810 -0.78750
vt 0.45910 -0.77510
vt 0.47810 -0.78750
vt 0.45910 -0.78750
vt 0.47810 -0.77510
vt 0.77020 -0.60880
vt 0.75480 -0.59000
vt 0.77020 -0.59000
vt 0.75480 -0.60880
vt 0.30180 -0.54310
vt 0.44790 -0.73430
vt 0.30180 -0.73430
vt 0.44790 -0.54310
vt 0.44790 -0.73430
vt 0.30180 -0.54310
vt 0.44790 -0.54310
vt 0.30180 -0.73430
vt 0.38950 -0.53090
vt 0.53530 -0.52840
vt 0.53530 -0.53090
vt 0.38950 -0.52840
vt 0.19730 -0.02560
vt 0.38850 -0.02320
vt 0.38850 -0.02560
vt 0.19730 -0.02320
vt 0.38950 -0.52840
vt 0.53530 -0.53090
vt 0.38950 -0.53090
vt 0.53530 -0.52840
vt 0.19730 -0.02560
vt 0.38850 -0.02320
vt 0.38850 -0.02560
vt 0.19730 -0.02320
vt 0.30180 -0.54310
vt 0.44790 -0.73430
vt 0.30180 -0.73430
vt 0.44790 -0.54310
vt 0.44790 -0.73430
vt 0.30180 -0.54310
vt 0.44790 -0.54310
vt 0.30180 -0.73430
vt 0.38950 -0.53090
vt 0.53530 -0.52840
vt 0.53530 -0.53090
vt 0.38950 -0.52840
vt 0.19730 -0.02560
vt 0.38850 -0.02320
vt 0.38850 -0.02560
vt 0.19730 -0.02320
vt 0.38950 -0.52840
vt 0.53530 -0.53090
vt 0.38950 -0.53090
vt 0.53530 -0.52840
vt 0.19730 -0.02560
vt 0.38850 -0.02320
vt 0.38850 -0.02560
vt 0.19730 -0.02320
vt 0.86840 -0.78530
vt 0.89130 -0.79800
vt 0.86840 -0.79800
vt 0.89130 -0.78530
vt 0.86840 -0.77290
vt 0.89130 -0.77290
vt 0.86840 -0.76040
vt 0.89130 -0.76040
vt 0.86840 -0.74800
vt 0.89130 -0.74800
vt 0.86840 -0.73550
vt 0.89130 -0.73550
vt 0.86840 -0.72280
vt 0.89130 -0.72280
vt 0.86840 -0.71040
vt 0.89130 -0.71040
vt 0.86840 -0.69790
vt 0.89130 -0.69790
vt 0.36530 -0.07520
vt 0.37000 -0.11380
vt 0.36170 -0.13140
vt 0.42370 -0.13190
vt 0.41490 -0.07520
vt 0.77850 -0.12630
vt 0.78220 -0.07030
vt 0.77390 -0.08770
vt 0.72010 -0.06960
vt 0.72920 -0.12630
vt 0.65470 -0.77050
vt 0.66420 -0.77440
vt 0.65470 -0.77440
vt 0.66420 -0.77050
vt 0.67400 -0.77440
vt 0.67400 -0.77050
vt 0.68350 -0.77440
vt 0.68350 -0.77050
vt 0.69330 -0.77440
vt 0.69330 -0.77050
vt 0.70280 -0.77440
vt 0.70280 -0.77050
vt 0.71260 -0.77440
vt 0.71260 -0.77050
vt 0.72210 -0.77440
vt 0.72210 -0.77050
vt 0.73190 -0.77440
vt 0.73190 -0.77050
vt 0.72210 -0.77440
vt 0.73190 -0.77050
vt 0.73190 -0.77440
vt 0.72210 -0.77050
vt 0.71260 -0.77440
vt 0.71260 -0.77050
vt 0.70280 -0.77440
vt 0.70280 -0.77050
vt 0.69330 -0.77440
vt 0.69330 -0.77050
vt 0.68350 -0.77440
vt 0.68350 -0.77050
vt 0.67400 -0.77440
vt 0.67400 -0.77050
vt 0.66420 -0.77440
vt 0.66420 -0.77050
vt 0.65470 -0.77440
vt 0.65470 -0.77050
vt 0.65470 -0.77050
vt 0.66420 -0.77440
vt 0.65470 -0.77440
vt 0.66420 -0.77050
vt 0.67400 -0.77440
vt 0.67400 -0.77050
vt 0.68350 -0.77440
vt 0.68350 -0.77050
vt 0.69330 -0.77440
vt 0.69330 -0.77050
vt 0.70280 -0.77440
vt 0.70280 -0.77050
vt 0.71260 -0.77440
vt 0.71260 -0.77050
vt 0.72210 -0.77440
vt 0.72210 -0.77050
vt 0.73190 -0.77440
vt 0.73190 -0.77050
vt 0.72210 -0.77440
vt 0.73190 -0.77050
vt 0.73190 -0.77440
vt 0.72210 -0.77050
vt 0.71260 -0.77440
vt 0.71260 -0.77050
vt 0.70280 -0.77440
vt 0.70280 -0.77050
vt 0.69330 -0.77440
vt 0.69330 -0.77050
vt 0.68350 -0.77440
vt 0.68350 -0.77050
vt 0.67400 -0.77440
vt 0.67400 -0.77050
vt 0.66420 -0.77440
vt 0.66420 -0.77050
vt 0.65470 -0.77440
vt 0.65470 -0.77050
vt 0.81370 -0.73380
vt 0.81730 -0.75160
vt 0.81370 -0.75140
vt 0.81930 -0.73460
vt 0.81510 -0.72380
vt 0.82540 -0.71670
vt 0.82980 -0.69110
vt 0.78730 -0.72380
vt 0.79730 -0.69110
vt 0.80020 -0.65860
vt 0.83170 -0.65860
vt 0.82980 -0.62610
vt 0.79730 -0.62640
vt 0.78730 -0.59370
vt 0.81490 -0.59340
vt 0.82540 -0.60070
vt 0.81900 -0.58270
vt 0.81370 -0.58340
vt 0.81370 -0.56610
vt 0.81710 -0.56560
vt 0.49960 -0.55410
vt 0.45960 -0.56920
vt 0.45960 -0.55410
vt 0.49960 -0.56920
vt 0.45960 -0.58440
vt 0.49960 -0.58440
vt 0.45960 -0.59930
vt 0.49960 -0.59930
vt 0.45960 -0.61440
vt 0.49960 -0.61440
vt 0.45960 -0.62950
vt 0.49960 -0.62950
vt 0.45960 -0.64440
vt 0.49960 -0.64440
vt 0.45960 -0.65960
vt 0.49960 -0.65960
vt 0.45960 -0.67470
vt 0.49960 -0.67470
vt 0.45960 -0.68960
vt 0.49960 -0.68960
vt 0.45960 -0.70480
vt 0.49960 -0.70480
vt 0.45960 -0.71990
vt 0.49960 -0.71990
vt 0.45960 -0.73480
vt 0.49960 -0.73480
vt 0.87420 -0.12410
vt 0.79240 -0.10330
vt 0.87420 -0.10330
vt 0.79240 -0.12410
vt 0.87420 -0.14510
vt 0.79240 -0.14510
vt 0.87420 -0.16580
vt 0.79240 -0.16580
vt 0.87420 -0.18660
vt 0.79240 -0.18660
vt 0.87420 -0.20730
vt 0.79240 -0.20730
vt 0.87420 -0.22810
vt 0.79240 -0.22810
vt 0.79240 -0.24880
vt 0.87420 -0.24880
vt 0.87420 -0.26960
vt 0.79240 -0.26960
vt 0.87420 -0.29040
vt 0.79240 -0.29040
vt 0.87420 -0.31140
vt 0.79240 -0.31140
vt 0.87420 -0.33210
vt 0.79240 -0.33210
vt 0.87420 -0.35290
vt 0.79240 -0.35290
vt 0.79240 -0.10330
vt 0.87420 -0.12410
vt 0.87420 -0.10330
vt 0.79240 -0.12410
vt 0.87420 -0.14510
vt 0.79240 -0.14510
vt 0.87420 -0.16580
vt 0.79240 -0.16580
vt 0.87420 -0.18660
vt 0.79240 -0.18660
vt 0.87420 -0.20730
vt 0.79240 -0.20730
vt 0.87420 -0.22810
vt 0.79240 -0.22810
vt 0.79240 -0.24880
vt 0.87420 -0.24880
vt 0.87420 -0.26960
vt 0.79240 -0.26960
vt 0.87420 -0.29040
vt 0.79240 -0.29040
vt 0.87420 -0.31140
vt 0.79240 -0.31140
vt 0.87420 -0.33210
vt 0.79240 -0.33210
vt 0.87420 -0.35290
vt 0.79240 -0.35290
vt 0.96360 -0.12410
vt 0.88160 -0.10330
vt 0.96360 -0.10330
vt 0.88160 -0.12410
vt 0.96360 -0.14510
vt 0.88160 -0.14510
vt 0.96360 -0.16580
vt 0.88160 -0.16580
vt 0.96360 -0.18660
vt 0.88160 -0.18660
vt 0.96360 -0.20730
vt 0.88160 -0.20730
vt 0.96360 -0.22810
vt 0.88160 -0.22810
vt 0.88160 -0.24880
vt 0.96360 -0.24880
vt 0.96360 -0.26960
vt 0.88160 -0.26960
vt 0.96360 -0.29040
vt 0.88160 -0.29040
vt 0.96360 -0.31140
vt 0.88160 -0.31140
vt 0.96360 -0.33210
vt 0.88160 -0.33210
vt 0.96360 -0.35290
vt 0.88160 -0.35290
vt 0.88160 -0.10330
vt 0.96360 -0.12410
vt 0.96360 -0.10330
vt 0.88160 -0.12410
vt 0.96360 -0.14510
vt 0.88160 -0.14510
vt 0.96360 -0.16580
vt 0.88160 -0.16580
vt 0.96360 -0.18660
vt 0.88160 -0.18660
vt 0.96360 -0.20730
vt 0.88160 -0.20730
vt 0.96360 -0.22810
vt 0.88160 -0.22810
vt 0.88160 -0.24880
vt 0.96360 -0.24880
vt 0.96360 -0.26960
vt 0.88160 -0.26960
vt 0.96360 -0.29040
vt 0.88160 -0.29040
vt 0.96360 -0.31140
vt 0.88160 -0.31140
vt 0.96360 -0.33210
vt 0.88160 -0.33210
vt 0.96360 -0.35290
vt 0.88160 -0.35290
vt 0.82660 -0.50840
vt 0.75820 -0.56750
vt 0.76730 -0.50840
vt 0.80660 -0.55020
vt 0.82370 -0.55290
vt 0.83150 -0.55920
vt 0.60540 -0.71180
vt 0.64150 -0.73530
vt 0.62170 -0.73630
vt 0.64180 -0.71580
vt 0.67450 -0.68640
vt 0.65960 -0.71700
vt 0.60000 -0.68720
vt 0.59730 -0.65420
vt 0.67890 -0.65420
vt 0.67450 -0.62200
vt 0.60000 -0.62120
vt 0.60540 -0.59680
vt 0.64180 -0.59270
vt 0.65960 -0.59150
vt 0.64150 -0.57340
vt 0.62170 -0.57220
vt 0.07080 -0.47860
vt 0.02520 -0.49130
vt 0.01070 -0.47860
vt 0.11280 -0.49160
vt 0.11280 -0.42980
vt 0.07080 -0.43390
vt 0.01950 -0.43390
vt 0.02050 -0.42980
vt 0.26150 -0.49160
vt 0.26110 -0.42980
vt 0.36480 -0.42980
vt 0.36390 -0.48820
vt 0.38880 -0.49350
vt 0.39320 -0.42980
vt 0.41980 -0.50350
vt 0.42610 -0.42980
vt 0.45100 -0.51160
vt 0.45570 -0.42980
vt 0.49330 -0.51530
vt 0.49330 -0.42980
vt 0.53090 -0.42980
vt 0.53530 -0.51160
vt 0.56020 -0.42980
vt 0.56680 -0.50350
vt 0.59320 -0.42980
vt 0.59780 -0.49350
vt 0.62170 -0.42980
vt 0.62250 -0.48790
vt 0.72480 -0.49160
vt 0.72550 -0.42980
vt 0.87370 -0.42980
vt 0.87370 -0.49160
vt 0.96680 -0.43390
vt 0.96610 -0.42980
vt 0.91580 -0.43390
vt 0.91580 -0.47860
vt 0.96120 -0.49130
vt 0.97560 -0.47860
vt 0.01270 -0.16870
vt 0.07180 -0.10060
vt 0.07180 -0.16000
vt 0.03000 -0.12060
vt 0.02710 -0.10330
vt 0.02080 -0.09550
vt 0.17340 -0.36460
vt 0.18000 -0.36460
vt 0.16290 -0.41780
vt 0.16510 -0.36460
vt 0.15260 -0.41780
vt 0.15260 -0.36460
vt 0.04740 -0.36460
vt 0.04660 -0.41780
vt 0.03570 -0.36460
vt 0.03590 -0.41780
vt 0.02740 -0.36460
vt 0.02340 -0.41780
vt 0.01660 -0.38320
vt 0.01070 -0.41780
vt 0.02100 -0.36460
vt 0.04220 -0.79370
vt 0.06740 -0.78460
vt 0.17070 -0.78560
vt 0.17070 -0.81830
vt 0.01950 -0.81730
vt 0.31940 -0.79370
vt 0.17070 -0.84810
vt 0.01270 -0.84760
vt 0.42520 -0.81290
vt 0.41120 -0.80290
vt 0.31920 -0.82300
vt 0.43300 -0.83050
vt 0.31920 -0.85080
vt 0.44150 -0.85520
vt 0.31920 -0.88770
vt 0.44520 -0.88770
vt 0.44150 -0.91990
vt 0.17070 -0.88770
vt 0.00980 -0.88770
vt 0.01270 -0.92750
vt 0.31920 -0.92430
vt 0.43300 -0.94460
vt 0.17070 -0.92700
vt 0.01950 -0.95780
vt 0.31920 -0.95210
vt 0.17070 -0.95680
vt 0.04220 -0.98140
vt 0.41120 -0.97220
vt 0.42520 -0.96210
vt 0.31940 -0.98140
vt 0.17070 -0.98950
vt 0.06740 -0.99050
vt 0.37780 -0.50990
vt 0.36830 -0.50480
vt 0.37780 -0.50480
vt 0.36830 -0.50990
vt 0.35870 -0.50480
vt 0.37780 -0.51820
vt 0.36830 -0.51820
vt 0.37780 -0.52670
vt 0.35870 -0.50990
vt 0.34920 -0.50480
vt 0.36830 -0.52670
vt 0.37780 -0.53090
vt 0.36830 -0.53090
vt 0.35870 -0.51820
vt 0.35870 -0.52670
vt 0.35870 -0.53090
vt 0.34920 -0.50990
vt 0.33970 -0.50480
vt 0.34920 -0.51820
vt 0.33970 -0.50990
vt 0.33040 -0.50480
vt 0.34920 -0.52670
vt 0.34920 -0.53090
vt 0.33040 -0.50990
vt 0.32090 -0.50480
vt 0.33970 -0.51820
vt 0.33970 -0.52670
vt 0.33970 -0.53090
vt 0.33040 -0.51820
vt 0.33040 -0.52670
vt 0.33040 -0.53090
vt 0.32090 -0.50990
vt 0.31140 -0.50480
vt 0.32090 -0.51820
vt 0.31140 -0.50990
vt 0.30180 -0.50480
vt 0.30180 -0.50990
vt 0.31140 -0.51820
vt 0.30180 -0.51820
vt 0.32090 -0.52670
vt 0.32090 -0.53090
vt 0.31140 -0.52670
vt 0.30180 -0.52670
vt 0.31140 -0.53090
vt 0.30180 -0.53090
vt 0.31140 -0.50480
vt 0.30180 -0.50990
vt 0.30180 -0.50480
vt 0.31140 -0.50990
vt 0.30180 -0.51820
vt 0.32090 -0.50480
vt 0.32090 -0.50990
vt 0.33040 -0.50480
vt 0.31140 -0.51820
vt 0.30180 -0.52670
vt 0.33040 -0.50990
vt 0.33970 -0.50480
vt 0.31140 -0.52670
vt 0.30180 -0.53090
vt 0.31140 -0.53090
vt 0.32090 -0.51820
vt 0.32090 -0.52670
vt 0.32090 -0.53090
vt 0.33040 -0.51820
vt 0.33040 -0.52670
vt 0.33040 -0.53090
vt 0.33970 -0.50990
vt 0.34920 -0.50480
vt 0.33970 -0.51820
vt 0.34920 -0.50990
vt 0.35870 -0.50480
vt 0.33970 -0.52670
vt 0.33970 -0.53090
vt 0.34920 -0.51820
vt 0.34920 -0.52670
vt 0.34920 -0.53090
vt 0.35870 -0.50990
vt 0.36830 -0.50480
vt 0.35870 -0.51820
vt 0.36830 -0.50990
vt 0.37780 -0.50480
vt 0.37780 -0.50990
vt 0.36830 -0.51820
vt 0.37780 -0.51820
vt 0.35870 -0.52670
vt 0.35870 -0.53090
vt 0.36830 -0.52670
vt 0.37780 -0.52670
vt 0.36830 -0.53090
vt 0.37780 -0.53090
vt 0.37780 -0.50990
vt 0.36830 -0.50480
vt 0.37780 -0.50480
vt 0.36830 -0.50990
vt 0.35870 -0.50480
vt 0.37780 -0.51820
vt 0.36830 -0.51820
vt 0.37780 -0.52670
vt 0.35870 -0.50990
vt 0.34920 -0.50480
vt 0.36830 -0.52670
vt 0.37780 -0.53090
vt 0.36830 -0.53090
vt 0.35870 -0.51820
vt 0.35870 -0.52670
vt 0.35870 -0.53090
vt 0.34920 -0.50990
vt 0.33970 -0.50480
vt 0.34920 -0.51820
vt 0.33970 -0.50990
vt 0.33040 -0.50480
vt 0.34920 -0.52670
vt 0.34920 -0.53090
vt 0.33040 -0.50990
vt 0.32090 -0.50480
vt 0.33970 -0.51820
vt 0.33970 -0.52670
vt 0.33970 -0.53090
vt 0.33040 -0.51820
vt 0.33040 -0.52670
vt 0.33040 -0.53090
vt 0.32090 -0.50990
vt 0.31140 -0.50480
vt 0.32090 -0.51820
vt 0.31140 -0.50990
vt 0.30180 -0.50480
vt 0.30180 -0.50990
vt 0.31140 -0.51820
vt 0.30180 -0.51820
vt 0.32090 -0.52670
vt 0.32090 -0.53090
vt 0.31140 -0.52670
vt 0.30180 -0.52670
vt 0.31140 -0.53090
vt 0.30180 -0.53090
vt 0.31140 -0.50480
vt 0.30180 -0.50990
vt 0.30180 -0.50480
vt 0.31140 -0.50990
vt 0.30180 -0.51820
vt 0.32090 -0.50480
vt 0.32090 -0.50990
vt 0.33040 -0.50480
vt 0.31140 -0.51820
vt 0.30180 -0.52670
vt 0.33040 -0.50990
vt 0.33970 -0.50480
vt 0.31140 -0.52670
vt 0.30180 -0.53090
vt 0.31140 -0.53090
vt 0.32090 -0.51820
vt 0.32090 -0.52670
vt 0.32090 -0.53090
vt 0.33040 -0.51820
vt 0.33040 -0.52670
vt 0.33040 -0.53090
vt 0.33970 -0.50990
vt 0.34920 -0.50480
vt 0.33970 -0.51820
vt 0.34920 -0.50990
vt 0.35870 -0.50480
vt 0.33970 -0.52670
vt 0.33970 -0.53090
vt 0.34920 -0.51820
vt 0.34920 -0.52670
vt 0.34920 -0.53090
vt 0.35870 -0.50990
vt 0.36830 -0.50480
vt 0.35870 -0.51820
vt 0.36830 -0.50990
vt 0.37780 -0.50480
vt 0.37780 -0.50990
vt 0.36830 -0.51820
vt 0.37780 -0.51820
vt 0.35870 -0.52670
vt 0.35870 -0.53090
vt 0.36830 -0.52670
vt 0.37780 -0.52670
vt 0.36830 -0.53090
vt 0.37780 -0.53090
vt 0.74770 -0.20780
vt 0.49160 -0.19710
vt 0.74770 -0.19710
vt 0.49160 -0.20780
vt 0.72230 -0.23130
vt 0.78070 -0.23130
vt 0.76310 -0.20780
vt 0.72230 -0.31360
vt 0.78070 -0.21660
vt 0.78070 -0.20660
vt 0.77750 -0.19980
vt 0.76920 -0.19680
vt 0.76310 -0.19680
vt 0.49160 -0.33700
vt 0.47620 -0.20780
vt 0.74770 -0.33700
vt 0.78070 -0.31360
vt 0.49160 -0.34770
vt 0.74770 -0.34770
vt 0.76310 -0.33700
vt 0.78070 -0.32500
vt 0.78070 -0.33850
vt 0.77750 -0.34530
vt 0.76920 -0.34800
vt 0.76310 -0.34800
vt 0.47620 -0.33700
vt 0.47620 -0.34680
vt 0.47060 -0.34430
vt 0.46790 -0.33680
vt 0.46790 -0.32480
vt 0.46790 -0.21980
vt 0.47620 -0.19800
vt 0.47060 -0.20070
vt 0.46790 -0.20810
vt 0.67670 -0.57260
vt 0.66980 -0.55600
vt 0.67670 -0.56290
vt 0.66010 -0.55600
vt 0.65320 -0.56290
vt 0.65320 -0.57260
vt 0.66010 -0.57950
vt 0.66980 -0.57950
vt 0.65320 -0.56290
vt 0.66010 -0.57950
vt 0.65320 -0.57260
vt 0.66980 -0.57950
vt 0.67670 -0.57260
vt 0.67670 -0.56290
vt 0.66980 -0.55600
vt 0.66010 -0.55600
vt 0.67670 -0.57260
vt 0.66980 -0.55600
vt 0.67670 -0.56290
vt 0.66010 -0.55600
vt 0.65320 -0.56290
vt 0.65320 -0.57260
vt 0.66010 -0.57950
vt 0.66980 -0.57950
vt 0.65320 -0.56290
vt 0.66010 -0.57950
vt 0.65320 -0.57260
vt 0.66980 -0.57950
vt 0.67670 -0.57260
vt 0.67670 -0.56290
vt 0.66980 -0.55600
vt 0.66010 -0.55600
vt 0.52700 -0.79490
vt 0.45130 -0.83030
vt 0.43980 -0.80370
vt 0.52700 -0.82370
vt 0.45520 -0.85520
vt 0.52670 -0.85150
vt 0.45710 -0.88840
vt 0.67550 -0.81860
vt 0.67550 -0.78680
vt 0.77850 -0.78610
vt 0.80370 -0.79510
vt 0.82610 -0.81830
vt 0.67550 -0.84860
vt 0.83300 -0.84860
vt 0.67550 -0.88840
vt 0.83590 -0.88840
vt 0.83300 -0.92820
vt 0.52670 -0.88840
vt 0.52670 -0.92500
vt 0.45520 -0.92140
vt 0.67550 -0.92820
vt 0.82610 -0.95820
vt 0.52700 -0.95290
vt 0.45130 -0.94630
vt 0.67550 -0.95800
vt 0.80370 -0.98170
vt 0.77850 -0.99050
vt 0.67550 -0.98970
vt 0.52700 -0.98190
vt 0.43980 -0.97290
vt 0.60760 -0.07350
vt 0.61510 -0.10160
vt 0.60760 -0.08860
vt 0.62810 -0.10920
vt 0.64320 -0.10920
vt 0.65620 -0.10180
vt 0.66370 -0.08860
vt 0.66370 -0.07370
vt 0.65620 -0.06060
vt 0.64320 -0.05300
vt 0.62810 -0.05300
vt 0.61510 -0.06060
vt 0.46350 -0.13600
vt 0.47370 -0.17480
vt 0.46350 -0.15680
vt 0.49180 -0.18530
vt 0.51260 -0.18530
vt 0.53060 -0.17480
vt 0.54110 -0.15700
vt 0.54110 -0.13630
vt 0.53060 -0.11820
vt 0.51280 -0.10770
vt 0.49180 -0.10770
vt 0.47400 -0.11790
vt 0.17240 -0.23880
vt 0.13600 -0.22220
vt 0.15650 -0.22560
vt 0.11650 -0.22930
vt 0.10330 -0.24540
vt 0.09960 -0.26590
vt 0.10700 -0.28550
vt 0.12280 -0.29870
vt 0.14330 -0.30210
vt 0.16290 -0.29500
vt 0.17610 -0.27890
vt 0.17970 -0.25840
vt 0.46350 -0.13600
vt 0.49180 -0.10770
vt 0.47400 -0.11790
vt 0.51280 -0.10770
vt 0.53060 -0.11820
vt 0.54110 -0.13630
vt 0.54110 -0.15700
vt 0.53060 -0.17480
vt 0.51260 -0.18530
vt 0.49180 -0.18530
vt 0.47370 -0.17480
vt 0.46350 -0.15680
vt 0.17240 -0.23880
vt 0.17610 -0.27890
vt 0.17970 -0.25840
vt 0.16290 -0.29500
vt 0.14330 -0.30210
vt 0.12280 -0.29870
vt 0.10700 -0.28550
vt 0.09960 -0.26590
vt 0.10330 -0.24540
vt 0.11650 -0.22930
vt 0.13600 -0.22220
vt 0.15650 -0.22560
vt 0.53060 -0.17480
vt 0.54110 -0.13630
vt 0.54110 -0.15700
vt 0.53060 -0.11820
vt 0.51280 -0.10770
vt 0.49180 -0.10770
vt 0.47400 -0.11790
vt 0.46350 -0.13600
vt 0.46350 -0.15680
vt 0.47370 -0.17480
vt 0.49180 -0.18530
vt 0.51260 -0.18530
vt 0.17610 -0.27890
vt 0.17240 -0.23880
vt 0.17970 -0.25840
vt 0.15650 -0.22560
vt 0.13600 -0.22220
vt 0.11650 -0.22930
vt 0.10310 -0.24540
vt 0.09960 -0.26590
vt 0.10700 -0.28550
vt 0.12280 -0.29870
vt 0.14330 -0.30210
vt 0.16290 -0.29500
vt 0.53060 -0.17480
vt 0.49180 -0.18530
vt 0.51260 -0.18530
vt 0.47370 -0.17480
vt 0.46350 -0.15680
vt 0.46350 -0.13600
vt 0.47400 -0.11790
vt 0.49180 -0.10770
vt 0.51280 -0.10770
vt 0.53060 -0.11820
vt 0.54110 -0.13630
vt 0.54110 -0.15700
vt 0.17610 -0.27890
vt 0.14330 -0.30210
vt 0.16290 -0.29500
vt 0.12280 -0.29870
vt 0.10700 -0.28550
vt 0.09960 -0.26590
vt 0.10310 -0.24540
vt 0.11650 -0.22930
vt 0.13600 -0.22220
vt 0.15650 -0.22560
vt 0.17240 -0.23880
vt 0.17970 -0.25840
g vehicle#fuse_1_0
usemtl da82c663-8715-4b2b-b635-64f3902b5610
f 3/3 2/2 1/1
f 4/4 1/1 2/2
f 7/7 6/6 5/5
f 8/8 5/5 6/6
f 11/11 10/10 9/9
f 12/12 9/9 10/10
f 15/15 14/14 13/13
f 16/16 13/13 14/14
f 19/19 18/18 17/17
f 20/20 17/17 18/18
f 23/23 22/22 21/21
f 24/24 21/21 22/22
f 27/27 26/26 25/25
f 28/28 25/25 26/26
f 31/31 30/30 29/29
f 32/32 29/29 30/30
f 35/35 34/34 33/33
f 36/36 33/33 34/34
f 39/39 38/38 37/37
f 40/40 37/37 38/38
f 43/43 42/42 41/41
f 44/44 41/41 42/42
f 47/47 46/46 45/45
f 48/48 45/45 46/46
f 51/51 50/50 49/49
f 52/52 49/49 50/50
f 55/55 54/54 53/53
f 56/56 53/53 54/54
f 59/59 58/58 57/57
f 60/60 57/57 58/58
f 63/63 62/62 61/61
f 64/64 61/61 62/62
f 67/67 66/66 65/65
f 68/68 65/65 66/66
f 71/71 70/70 69/69
f 72/72 69/69 70/70
f 75/75 74/74 73/73
f 76/76 73/73 74/74
f 79/79 78/78 77/77
f 80/80 77/77 78/78
f 83/83 82/82 81/81
f 84/84 81/81 82/82
f 87/87 86/86 85/85
f 88/88 85/85 86/86
f 91/91 90/90 89/89
f 92/92 89/89 90/90
f 95/95 94/94 93/93
f 96/96 93/93 94/94
f 99/99 98/98 97/97
f 100/100 97/97 98/98
f 103/103 102/102 101/101
f 104/104 101/101 102/102
f 106/106 104/104 105/105
f 106/106 107/107 104/104
f 108/108 104/104 107/107
f 109/109 105/105 104/104
f 107/107 110/110 108/108
f 109/109 111/111 105/105
f 108/108 110/110 112/112
f 113/113 112/112 110/110
f 113/113 110/110 114/114
f 115/115 114/114 110/110
f 114/114 115/115 116/116
f 117/117 116/116 115/115
f 117/117 118/118 116/116
f 119/119 116/116 118/118
f 120/120 119/119 118/118
f 120/120 121/121 119/119
f 118/118 122/122 120/120
f 123/123 120/120 122/122
f 124/124 123/123 122/122
f 124/124 125/125 123/123
f 122/122 126/126 124/124
f 127/127 124/124 126/126
f 126/126 128/128 127/127
f 129/129 127/127 128/128
f 128/128 130/130 129/129
f 131/131 129/129 130/130
f 131/131 130/130 132/132
f 133/133 132/132 130/130
f 133/133 130/130 134/134
f 133/133 134/134 135/135
f 134/134 136/136 135/135
f 138/138 135/135 137/137
f 139/139 137/137 135/135
f 136/136 139/139 135/135
f 136/136 140/140 139/139
f 141/141 139/139 140/140
f 144/144 143/143 142/142
f 145/145 142/142 143/143
f 148/148 147/147 146/146
f 149/149 146/146 147/147
f 152/152 151/151 150/150
f 153/153 150/150 151/151
f 156/156 155/155 154/154
f 157/157 154/154 155/155
f 160/160 159/159 158/158
f 161/161 158/158 159/159
f 164/164 163/163 162/162
f 165/165 162/162 163/163
f 168/168 167/167 166/166
f 169/169 166/166 167/167
f 172/172 171/171 170/170
f 173/173 170/170 171/171
f 176/176 175/175 174/174
f 177/177 174/174 175/175
f 180/180 179/179 178/178
f 181/181 178/178 179/179
f 184/184 183/183 182/182
f 185/185 182/182 183/183
f 188/188 187/187 186/186
f 189/189 186/186 187/187
f 192/192 191/191 190/190
f 193/193 190/190 191/191
f 196/196 195/195 194/194
f 197/197 194/194 195/195
f 200/200 199/199 198/198
f 201/201 198/198 199/199
f 204/204 203/203 202/202
f 205/205 202/202 203/203
f 208/208 207/207 206/206
f 209/209 206/206 207/207
f 212/212 211/211 210/210
f 213/213 210/210 211/211
f 216/216 215/215 214/214
f 217/217 214/214 215/215
f 220/220 219/219 218/218
f 221/221 218/218 219/219
f 224/224 223/223 222/222
f 225/225 222/222 223/223
f 228/228 227/227 226/226
f 229/229 226/226 227/227
f 232/232 231/231 230/230
f 233/233 230/230 231/231
f 236/236 235/235 234/234
f 237/237 234/234 235/235
f 240/240 239/239 238/238
f 241/241 238/238 239/239
f 244/244 243/243 242/242
f 245/245 242/242 243/243
f 242/242 245/245 246/246
f 247/247 246/246 245/245
f 246/246 247/247 248/248
f 249/249 248/248 247/247
f 248/248 249/249 250/250
f 251/251 250/250 249/249
f 250/250 251/251 252/252
f 253/253 252/252 251/251
f 252/252 253/253 254/254
f 255/255 254/254 253/253
f 254/254 255/255 256/256
f 257/257 256/256 255/255
f 256/256 257/257 258/258
f 259/259 258/258 257/257
f 262/262 261/261 260/260
f 261/261 263/263 260/260
f 264/264 260/260 263/263
f 267/267 266/266 265/265
f 267/267 265/265 268/268
f 269/269 268/268 265/265
f 272/272 271/271 270/270
f 273/273 270/270 271/271
f 271/271 274/274 273/273
f 275/275 273/273 274/274
f 274/274 276/276 275/275
f 277/277 275/275 276/276
f 276/276 278/278 277/277
f 279/279 277/277 278/278
f 278/278 280/280 279/279
f 281/281 279/279 280/280
f 280/280 282/282 281/281
f 283/283 281/281 282/282
f 282/282 284/284 283/283
f 285/285 283/283 284/284
f 284/284 286/286 285/285
f 287/287 285/285 286/286
f 290/290 289/289 288/288
f 291/291 288/288 289/289
f 288/288 291/291 292/292
f 293/293 292/292 291/291
f 292/292 293/293 294/294
f 295/295 294/294 293/293
f 294/294 295/295 296/296
f 297/297 296/296 295/295
f 296/296 297/297 298/298
f 299/299 298/298 297/297
f 298/298 299/299 300/300
f 301/301 300/300 299/299
f 300/300 301/301 302/302
f 303/303 302/302 301/301
f 302/302 303/303 304/304
f 305/305 304/304 303/303
f 308/308 307/307 306/306
f 309/309 306/306 307/307
f 307/307 310/310 309/309
f 311/311 309/309 310/310
f 310/310 312/312 311/311
f 313/313 311/311 312/312
f 312/312 314/314 313/313
f 315/315 313/313 314/314
f 314/314 316/316 315/315
f 317/317 315/315 316/316
f 316/316 318/318 317/317
f 319/319 317/317 318/318
f 318/318 320/320 319/319
f 321/321 319/319 320/320
f 320/320 322/322 321/321
f 323/323 321/321 322/322
f 326/326 325/325 324/324
f 327/327 324/324 325/325
f 324/324 327/327 328/328
f 329/329 328/328 327/327
f 328/328 329/329 330/330
f 331/331 330/330 329/329
f 330/330 331/331 332/332
f 333/333 332/332 331/331
f 332/332 333/333 334/334
f 335/335 334/334 333/333
f 334/334 335/335 336/336
f 337/337 336/336 335/335
f 336/336 337/337 338/338
f 339/339 338/338 337/337
f 338/338 339/339 340/340
f 341/341 340/340 339/339
f 344/344 343/343 342/342
f 345/345 342/342 343/343
f 342/342 345/345 346/346
f 347/347 346/346 345/345
f 347/347 348/348 346/346
f 346/346 348/348 349/349
f 350/350 349/349 348/348
f 350/350 348/348 351/351
f 352/352 351/351 348/348
f 352/352 353/353 351/351
f 354/354 351/351 353/353
f 354/354 353/353 355/355
f 356/356 355/355 353/353
f 353/353 357/357 356/356
f 357/357 358/358 356/356
f 359/359 356/356 358/358
f 359/359 358/358 360/360
f 361/361 360/360 358/358
f 364/364 363/363 362/362
f 365/365 362/362 363/363
f 363/363 366/366 365/365
f 367/367 365/365 366/366
f 366/366 368/368 367/367
f 369/369 367/367 368/368
f 368/368 370/370 369/369
f 371/371 369/369 370/370
f 370/370 372/372 371/371
f 373/373 371/371 372/372
f 372/372 374/374 373/373
f 375/375 373/373 374/374
f 374/374 376/376 375/375
f 377/377 375/375 376/376
f 376/376 378/378 377/377
f 379/379 377/377 378/378
f 378/378 380/380 379/379
f 381/381 379/379 380/380
f 380/380 382/382 381/381
f 383/383 381/381 382/382
f 382/382 384/384 383/383
f 385/385 383/383 384/384
f 384/384 386/386 385/385
f 387/387 385/385 386/386
f 390/390 389/389 388/388
f 391/391 388/388 389/389
f 388/388 391/391 392/392
f 393/393 392/392 391/391
f 392/392 393/393 394/394
f 395/395 394/394 393/393
f 394/394 395/395 396/396
f 397/397 396/396 395/395
f 396/396 397/397 398/398
f 399/399 398/398 397/397
f 398/398 399/399 400/400
f 401/401 400/400 399/399
f 401/401 402/402 400/400
f 403/403 400/400 402/402
f 403/403 402/402 404/404
f 405/405 404/404 402/402
f 404/404 405/405 406/406
f 407/407 406/406 405/405
f 406/406 407/407 408/408
f 409/409 408/408 407/407
f 408/408 409/409 410/410
f 411/411 410/410 409/409
f 410/410 411/411 412/412
f 413/413 412/412 411/411
f 416/416 415/415 414/414
f 417/417 414/414 415/415
f 415/415 418/418 417/417
f 419/419 417/417 418/418
f 418/418 420/420 419/419
f 421/421 419/419 420/420
f 420/420 422/422 421/421
f 423/423 421/421 422/422
f 422/422 424/424 423/423
f 425/425 423/423 424/424
f 424/424 426/426 425/425
f 427/427 425/425 426/426
f 427/427 426/426 428/428
f 429/429 428/428 426/426
f 429/429 430/430 428/428
f 431/431 428/428 430/430
f 430/430 432/432 431/431
f 433/433 431/431 432/432
f 432/432 434/434 433/433
f 435/435 433/433 434/434
f 434/434 436/436 435/435
f 437/437 435/435 436/436
f 436/436 438/438 437/437
f 439/439 437/437 438/438
f 442/442 441/441 440/440
f 443/443 440/440 441/441
f 440/440 443/443 444/444
f 445/445 444/444 443/443
f 444/444 445/445 446/446
f 447/447 446/446 445/445
f 446/446 447/447 448/448
f 449/449 448/448 447/447
f 448/448 449/449 450/450
f 451/451 450/450 449/449
f 450/450 451/451 452/452
f 453/453 452/452 451/451
f 453/453 454/454 452/452
f 455/455 452/452 454/454
f 455/455 454/454 456/456
f 457/457 456/456 454/454
f 456/456 457/457 458/458
f 459/459 458/458 457/457
f 458/458 459/459 460/460
f 461/461 460/460 459/459
f 460/460 461/461 462/462
f 463/463 462/462 461/461
f 462/462 463/463 464/464
f 465/465 464/464 463/463
f 468/468 467/467 466/466
f 469/469 466/466 467/467
f 467/467 470/470 469/469
f 471/471 469/469 470/470
f 470/470 472/472 471/471
f 473/473 471/471 472/472
f 472/472 474/474 473/473
f 475/475 473/473 474/474
f 474/474 476/476 475/475
f 477/477 475/475 476/476
f 476/476 478/478 477/477
f 479/479 477/477 478/478
f 479/479 478/478 480/480
f 481/481 480/480 478/478
f 481/481 482/482 480/480
f 483/483 480/480 482/482
f 482/482 484/484 483/483
f 485/485 483/483 484/484
f 484/484 486/486 485/485
f 487/487 485/485 486/486
f 486/486 488/488 487/487
f 489/489 487/487 488/488
f 488/488 490/490 489/489
f 491/491 489/489 490/490
f 494/494 493/493 492/492
f 495/495 492/492 493/493
f 495/495 496/496 492/492
f 496/496 497/497 492/492
f 500/500 499/499 498/498
f 501/501 498/498 499/499
f 501/501 502/502 498/498
f 503/503 502/502 501/501
f 504/504 498/498 502/502
f 504/504 502/502 505/505
f 506/506 505/505 502/502
f 506/506 507/507 505/505
f 508/508 505/505 507/507
f 508/508 507/507 509/509
f 507/507 511/511 510/510
f 510/510 509/509 507/507
f 510/510 512/512 509/509
f 513/513 509/509 512/512
f 516/516 515/515 514/514
f 517/517 514/514 515/515
f 517/517 518/518 514/514
f 519/519 514/514 518/518
f 519/519 518/518 520/520
f 521/521 520/520 518/518
f 517/517 522/522 518/518
f 523/523 518/518 522/522
f 523/523 522/522 524/524
f 525/525 524/524 522/522
f 525/525 526/526 524/524
f 527/527 524/524 526/526
f 526/526 528/528 527/527
f 529/529 527/527 528/528
f 528/528 530/530 529/529
f 531/531 529/529 530/530
f 530/530 532/532 531/531
f 533/533 531/531 532/532
f 533/533 532/532 534/534
f 535/535 534/534 532/532
f 534/534 535/535 536/536
f 537/537 536/536 535/535
f 536/536 537/537 538/538
f 539/539 538/538 537/537
f 538/538 539/539 540/540
f 541/541 540/540 539/539
f 541/541 542/542 540/540
f 543/543 540/540 542/542
f 543/543 542/542 544/544
f 545/545 544/544 542/542
f 547/547 544/544 546/546
f 548/548 546/546 544/544
f 548/548 544/544 549/549
f 545/545 549/549 544/544
f 545/545 550/550 549/549
f 551/551 549/549 550/550
f 554/554 553/553 552/552
f 555/555 552/552 553/553
f 556/556 555/555 553/553
f 553/553 557/557 556/556
f 559/559 558/558 109/109
f 111/111 109/109 558/558
f 111/111 558/558 560/560
f 561/561 560/560 558/558
f 560/560 561/561 562/562
f 563/563 562/562 561/561
f 563/563 564/564 562/562
f 565/565 562/562 564/564
f 564/564 566/566 565/565
f 567/567 565/565 566/566
f 566/566 568/568 567/567
f 569/569 567/567 568/568
f 569/569 568/568 570/570
f 569/569 570/570 571/571
f 572/572 570/570 568/568
f 575/575 574/574 573/573
f 576/576 575/575 573/573
f 577/577 576/576 573/573
f 575/575 576/576 578/578
f 576/576 577/577 579/579
f 580/580 579/579 577/577
f 582/582 578/578 581/581
f 583/583 578/578 576/576
f 578/578 583/583 581/581
f 576/576 579/579 583/583
f 583/583 584/584 581/581
f 583/583 585/585 584/584
f 585/585 583/583 579/579
f 586/586 584/584 585/585
f 585/585 587/587 586/586
f 588/588 586/586 587/587
f 588/588 587/587 589/589
f 579/579 590/590 585/585
f 587/587 585/585 590/590
f 579/579 580/580 590/590
f 591/591 590/590 580/580
f 591/591 592/592 590/590
f 593/593 589/589 587/587
f 587/587 590/590 593/593
f 589/589 593/593 594/594
f 595/595 590/590 592/592
f 595/595 593/593 590/590
f 592/592 596/596 595/595
f 597/597 594/594 593/593
f 593/593 595/595 597/597
f 598/598 595/595 596/596
f 598/598 597/597 595/595
f 598/598 596/596 599/599
f 594/594 597/597 600/600
f 601/601 594/594 600/600
f 597/597 602/602 600/600
f 597/597 598/598 602/602
f 603/603 602/602 598/598
f 603/603 598/598 599/599
f 604/604 603/603 599/599
f 607/607 606/606 605/605
f 608/608 605/605 606/606
f 606/606 609/609 608/608
f 605/605 608/608 610/610
f 611/611 610/610 608/608
f 610/610 611/611 612/612
f 613/613 608/608 609/609
f 608/608 613/613 611/611
f 609/609 614/614 613/613
f 615/615 612/612 611/611
f 612/612 615/615 616/616
f 617/617 616/616 615/615
f 618/618 611/611 613/613
f 611/611 618/618 615/615
f 615/615 619/619 617/617
f 619/619 615/615 618/618
f 620/620 617/617 619/619
f 621/621 613/613 614/614
f 613/613 621/621 618/618
f 614/614 622/622 621/621
f 618/618 623/623 619/619
f 623/623 618/618 621/621
f 624/624 621/621 622/622
f 621/621 624/624 623/623
f 622/622 625/625 624/624
f 619/619 626/626 620/620
f 626/626 619/619 623/623
f 627/627 620/620 626/626
f 628/628 624/624 625/625
f 625/625 629/629 628/628
f 630/630 623/623 624/624
f 623/623 630/630 626/626
f 624/624 628/628 630/630
f 626/626 631/631 627/627
f 631/631 626/626 630/630
f 632/632 627/627 631/631
f 633/633 630/630 628/628
f 630/630 633/633 631/631
f 631/631 634/634 632/632
f 634/634 631/631 633/633
f 635/635 632/632 634/634
f 628/628 636/636 633/633
f 636/636 628/628 629/629
f 629/629 637/637 636/636
f 633/633 638/638 634/634
f 638/638 633/633 636/636
f 639/639 636/636 637/637
f 636/636 639/639 638/638
f 637/637 640/640 639/639
f 641/641 639/639 640/640
f 639/639 641/641 642/642
f 642/642 638/638 639/639
f 643/643 642/642 641/641
f 644/644 634/634 638/638
f 638/638 642/642 644/644
f 634/634 644/644 635/635
f 645/645 635/635 644/644
f 646/646 644/644 642/642
f 644/644 646/646 645/645
f 642/642 643/643 646/646
f 647/647 646/646 643/643
f 648/648 645/645 646/646
f 646/646 647/647 648/648
f 649/649 648/648 647/647
f 652/652 651/651 650/650
f 653/653 650/650 651/651
f 651/651 654/654 653/653
f 650/650 653/653 655/655
f 656/656 655/655 653/653
f 655/655 656/656 657/657
f 658/658 653/653 654/654
f 653/653 658/658 656/656
f 654/654 659/659 658/658
f 660/660 657/657 656/656
f 657/657 660/660 661/661
f 662/662 658/658 659/659
f 659/659 663/663 662/662
f 664/664 662/662 663/663
f 665/665 656/656 658/658
f 658/658 662/662 665/665
f 656/656 665/665 660/660
f 662/662 664/664 666/666
f 666/666 665/665 662/662
f 667/667 666/666 664/664
f 668/668 660/660 665/665
f 665/665 666/666 668/668
f 666/666 667/667 669/669
f 669/669 668/668 666/666
f 670/670 669/669 667/667
f 660/660 668/668 671/671
f 671/671 661/661 660/660
f 661/661 671/671 672/672
f 668/668 669/669 673/673
f 673/673 671/671 668/668
f 674/674 672/672 671/671
f 671/671 673/673 674/674
f 672/672 674/674 675/675
f 669/669 670/670 676/676
f 676/676 673/673 669/669
f 677/677 676/676 670/670
f 678/678 674/674 673/673
f 673/673 676/676 678/678
f 676/676 677/677 679/679
f 679/679 678/678 676/676
f 680/680 679/679 677/677
f 674/674 678/678 681/681
f 681/681 675/675 674/674
f 675/675 681/681 682/682
f 678/678 679/679 683/683
f 683/683 681/681 678/678
f 684/684 682/682 681/681
f 681/681 683/683 684/684
f 682/682 684/684 685/685
f 686/686 685/685 684/684
f 684/684 687/687 686/686
f 687/687 684/684 683/683
f 688/688 686/686 687/687
f 689/689 683/683 679/679
f 683/683 689/689 687/687
f 679/679 680/680 689/689
f 690/690 689/689 680/680
f 691/691 687/687 689/689
f 689/689 690/690 691/691
f 687/687 691/691 688/688
f 692/692 688/688 691/691
f 693/693 691/691 690/690
f 691/691 693/693 692/692
f 694/694 692/692 693/693
f 697/697 696/696 695/695
f 698/698 695/695 696/696
f 696/696 699/699 698/698
f 695/695 698/698 700/700
f 701/701 700/700 698/698
f 700/700 701/701 702/702
f 703/703 698/698 699/699
f 698/698 703/703 701/701
f 699/699 704/704 703/703
f 705/705 702/702 701/701
f 702/702 705/705 706/706
f 707/707 706/706 705/705
f 708/708 701/701 703/703
f 701/701 708/708 705/705
f 705/705 709/709 707/707
f 709/709 705/705 708/708
f 710/710 707/707 709/709
f 711/711 703/703 704/704
f 703/703 711/711 708/708
f 704/704 712/712 711/711
f 708/708 713/713 709/709
f 713/713 708/708 711/711
f 714/714 711/711 712/712
f 711/711 714/714 713/713
f 712/712 715/715 714/714
f 709/709 716/716 710/710
f 716/716 709/709 713/713
f 717/717 710/710 716/716
f 718/718 714/714 715/715
f 715/715 719/719 718/718
f 720/720 713/713 714/714
f 713/713 720/720 716/716
f 714/714 718/718 720/720
f 716/716 721/721 717/717
f 721/721 716/716 720/720
f 722/722 717/717 721/721
f 723/723 720/720 718/718
f 720/720 723/723 721/721
f 721/721 724/724 722/722
f 724/724 721/721 723/723
f 725/725 722/722 724/724
f 718/718 726/726 723/723
f 726/726 718/718 719/719
f 719/719 727/727 726/726
f 723/723 728/728 724/724
f 728/728 723/723 726/726
f 729/729 726/726 727/727
f 726/726 729/729 728/728
f 727/727 730/730 729/729
f 731/731 729/729 730/730
f 729/729 731/731 732/732
f 732/732 728/728 729/729
f 733/733 732/732 731/731
f 734/734 724/724 728/728
f 728/728 732/732 734/734
f 724/724 734/734 725/725
f 735/735 725/725 734/734
f 736/736 734/734 732/732
f 734/734 736/736 735/735
f 732/732 733/733 736/736
f 737/737 736/736 733/733
f 738/738 735/735 736/736
f 736/736 737/737 738/738
f 739/739 738/738 737/737
f 742/742 741/741 740/740
f 743/743 740/740 741/741
f 741/741 744/744 743/743
f 740/740 743/743 745/745
f 746/746 745/745 743/743
f 745/745 746/746 747/747
f 748/748 743/743 744/744
f 743/743 748/748 746/746
f 744/744 749/749 748/748
f 750/750 747/747 746/746
f 747/747 750/750 751/751
f 752/752 748/748 749/749
f 749/749 753/753 752/752
f 754/754 752/752 753/753
f 755/755 746/746 748/748
f 748/748 752/752 755/755
f 746/746 755/755 750/750
f 752/752 754/754 756/756
f 756/756 755/755 752/752
f 757/757 756/756 754/754
f 758/758 750/750 755/755
f 755/755 756/756 758/758
f 756/756 757/757 759/759
f 759/759 758/758 756/756
f 760/760 759/759 757/757
f 750/750 758/758 761/761
f 761/761 751/751 750/750
f 751/751 761/761 762/762
f 758/758 759/759 763/763
f 763/763 761/761 758/758
f 764/764 762/762 761/761
f 761/761 763/763 764/764
f 762/762 764/764 765/765
f 759/759 760/760 766/766
f 766/766 763/763 759/759
f 767/767 766/766 760/760
f 768/768 764/764 763/763
f 763/763 766/766 768/768
f 766/766 767/767 769/769
f 769/769 768/768 766/766
f 770/770 769/769 767/767
f 764/764 768/768 771/771
f 771/771 765/765 764/764
f 765/765 771/771 772/772
f 768/768 769/769 773/773
f 773/773 771/771 768/768
f 774/774 772/772 771/771
f 771/771 773/773 774/774
f 772/772 774/774 775/775
f 776/776 775/775 774/774
f 774/774 777/777 776/776
f 777/777 774/774 773/773
f 778/778 776/776 777/777
f 779/779 773/773 769/769
f 773/773 779/779 777/777
f 769/769 770/770 779/779
f 780/780 779/779 770/770
f 781/781 777/777 779/779
f 779/779 780/780 781/781
f 777/777 781/781 778/778
f 782/782 778/778 781/781
f 783/783 781/781 780/780
f 781/781 783/783 782/782
f 784/784 782/782 783/783
f 787/787 786/786 785/785
f 788/788 785/785 786/786
f 788/788 789/789 785/785
f 789/789 790/790 785/785
f 790/790 791/791 785/785
f 789/789 788/788 792/792
f 793/793 791/791 790/790
f 793/793 794/794 791/791
f 794/794 795/795 791/791
f 796/796 791/791 795/795
f 796/796 797/797 791/791
f 798/798 792/792 788/788
f 788/788 799/799 798/798
f 792/792 798/798 800/800
f 801/801 792/792 800/800
f 798/798 802/802 800/800
f 803/803 800/800 802/802
f 804/804 801/801 800/800
f 804/804 805/805 801/801
f 804/804 806/806 805/805
f 806/806 804/804 807/807
f 808/808 807/807 804/804
f 809/809 808/808 804/804
f 810/810 798/798 799/799
f 812/812 811/811 810/810
f 813/813 812/812 810/810
f 814/814 813/813 810/810
f 814/814 810/810 815/815
f 799/799 815/815 810/810
f 799/799 816/816 815/815
f 816/816 817/817 815/815
f 817/817 818/818 815/815
f 821/821 820/820 819/819
f 820/820 822/822 819/819
f 822/822 823/823 819/819
f 823/823 824/824 819/819
f 824/824 825/825 819/819
f 825/825 826/826 819/819
f 829/829 828/828 827/827
f 828/828 830/830 827/827
f 830/830 831/831 827/827
f 831/831 832/832 827/827
f 832/832 833/833 827/827
f 833/833 834/834 827/827
f 837/837 836/836 835/835
f 836/836 838/838 835/835
f 838/838 839/839 835/835
f 839/839 840/840 835/835
f 840/840 841/841 835/835
f 841/841 842/842 835/835
f 845/845 844/844 843/843
f 844/844 846/846 843/843
f 846/846 847/847 843/843
f 847/847 848/848 843/843
f 848/848 849/849 843/843
f 849/849 850/850 843/843
f 853/853 852/852 851/851
f 854/854 851/851 852/852
f 852/852 855/855 854/854
f 856/856 854/854 855/855
f 855/855 857/857 856/856
f 854/854 858/858 851/851
f 859/859 851/851 858/858
f 860/860 859/859 858/858
f 861/861 860/860 858/858
f 862/862 861/861 858/858
f 858/858 854/854 863/863
f 858/858 863/863 862/862
f 856/856 863/863 854/854
f 864/864 862/862 863/863
f 863/863 865/865 864/864
f 863/863 856/856 865/865
f 866/866 864/864 865/865
f 866/866 865/865 867/867
f 868/868 865/865 856/856
f 868/868 856/856 857/857
f 868/868 857/857 869/869
f 868/868 869/869 865/865
f 870/870 869/869 857/857
f 871/871 867/867 865/865
f 871/871 865/865 869/869
f 867/867 871/871 872/872
f 869/869 870/870 873/873
f 869/869 873/873 871/871
f 874/874 873/873 870/870
f 875/875 872/872 871/871
f 875/875 871/871 873/873
f 876/876 872/872 875/875
f 877/877 876/876 875/875
f 878/878 877/877 875/875
f 878/878 875/875 879/879
f 873/873 879/879 875/875
f 873/873 874/874 879/879
f 880/880 879/879 874/874
f 883/883 882/882 881/881
f 882/882 884/884 881/881
f 884/884 885/885 881/881
f 885/885 886/886 881/881
f 886/886 887/887 881/881
f 887/887 888/888 881/881
f 888/888 889/889 881/881
f 889/889 890/890 881/881
f 890/890 891/891 881/881
f 891/891 892/892 881/881
f 895/895 894/894 893/893
f 894/894 896/896 893/893
f 896/896 897/897 893/893
f 897/897 898/898 893/893
f 898/898 899/899 893/893
f 899/899 900/900 893/893
f 900/900 901/901 893/893
f 901/901 902/902 893/893
f 902/902 903/903 893/893
f 903/903 904/904 893/893
f 907/907 906/906 905/905
f 906/906 908/908 905/905
f 908/908 909/909 905/905
f 909/909 910/910 905/905
f 910/910 911/911 905/905
f 911/911 912/912 905/905
f 912/912 913/913 905/905
f 913/913 914/914 905/905
f 914/914 915/915 905/905
f 915/915 916/916 905/905
f 919/919 918/918 917/917
f 918/918 920/920 917/917
f 920/920 921/921 917/917
f 921/921 922/922 917/917
f 922/922 923/923 917/917
f 923/923 924/924 917/917
f 924/924 925/925 917/917
f 925/925 926/926 917/917
f 926/926 927/927 917/917
f 927/927 928/928 917/917
f 931/931 930/930 929/929
f 930/930 932/932 929/929
f 932/932 933/933 929/929
f 933/933 934/934 929/929
f 934/934 935/935 929/929
f 935/935 936/936 929/929
f 936/936 937/937 929/929
f 937/937 938/938 929/929
f 938/938 939/939 929/929
f 939/939 940/940 929/929
f 943/943 942/942 941/941
f 942/942 944/944 941/941
f 944/944 945/945 941/941
f 945/945 946/946 941/941
f 946/946 947/947 941/941
f 947/947 948/948 941/941
f 948/948 949/949 941/941
f 949/949 950/950 941/941
f 950/950 951/951 941/941
f 951/951 952/952 941/941
f 955/955 954/954 953/953
f 954/954 956/956 953/953
f 956/956 957/957 953/953
f 957/957 958/958 953/953
f 958/958 959/959 953/953
f 959/959 960/960 953/953
f 960/960 961/961 953/953
f 961/961 962/962 953/953
f 962/962 963/963 953/953
f 963/963 964/964 953/953
f 967/967 966/966 965/965
f 966/966 968/968 965/965
f 968/968 969/969 965/965
f 969/969 970/970 965/965
f 970/970 971/971 965/965
f 971/971 972/972 965/965
f 972/972 973/973 965/965
f 973/973 974/974 965/965
f 974/974 975/975 965/965
f 975/975 976/976 965/965
f 979/979 978/978 977/977
f 978/978 980/980 977/977
f 980/980 981/981 977/977
f 981/981 982/982 977/977
f 982/982 983/983 977/977
f 983/983 984/984 977/977
f 984/984 985/985 977/977
f 985/985 986/986 977/977
f 986/986 987/987 977/977
f 987/987 988/988 977/977
o vehicle#optic1_turret_1
v -0.024270 -0.094318 0.038835
v -0.014380 -0.094318 0.024275
v -0.014380 -0.094318 0.038835
v -0.024270 -0.094318 0.024275
v -0.047920 -0.119768 0.038835
v -0.047920 -0.119768 0.024275
v -0.047920 -0.132028 0.038835
v -0.047920 -0.132028 0.024275
v -0.017110 -0.103768 0.038835
v -0.014380 -0.094318 0.038835
v -0.014380 -0.103768 0.038835
v -0.024270 -0.094318 0.038835
v -0.032890 -0.119648 0.038835
v -0.047920 -0.119768 0.038835
v -0.032890 -0.132008 0.038835
v -0.047920 -0.132028 0.038835
v -0.017110 -0.103768 0.024275
v -0.014380 -0.103768 0.038835
v -0.014380 -0.103768 0.024275
v -0.017110 -0.103768 0.038835
v -0.032890 -0.119648 0.024275
v -0.032890 -0.119648 0.038835
v -0.032890 -0.132008 0.024275
v -0.032890 -0.132008 0.038835
v -0.024270 -0.094318 0.024275
v -0.014380 -0.103768 0.024275
v -0.014380 -0.094318 0.024275
v -0.017110 -0.103768 0.024275
v -0.047920 -0.119768 0.024275
v -0.032890 -0.119648 0.024275
v -0.047920 -0.132028 0.024275
v -0.032890 -0.132008 0.024275
v -0.053500 -0.129938 0.031555
v -0.021270 -0.132158 0.023285
v -0.021270 -0.129938 0.031555
v -0.053500 -0.132158 0.023285
v -0.021270 -0.138208 0.017245
v -0.053500 -0.138208 0.017245
v -0.021270 -0.146468 0.015025
v -0.053500 -0.146468 0.015025
v -0.021270 -0.154728 0.017245
v -0.053500 -0.154728 0.017245
v -0.021270 -0.160778 0.023285
v -0.053500 -0.160778 0.023285
v -0.021270 -0.162998 0.031555
v -0.053500 -0.162998 0.031555
v -0.021270 -0.160778 0.039815
v -0.053500 -0.160778 0.039815
v -0.021270 -0.154728 0.045875
v -0.053500 -0.154728 0.045875
v -0.021270 -0.146468 0.048085
v -0.053500 -0.146468 0.048085
v -0.021270 -0.138208 0.045875
v -0.053500 -0.138208 0.045875
v -0.021270 -0.132158 0.039815
v -0.053500 -0.132158 0.039815
v -0.021270 -0.129938 0.031555
v -0.053500 -0.129938 0.031555
v -0.053500 -0.154728 0.017245
v -0.053500 -0.162998 0.031555
v -0.053500 -0.160778 0.023285
v -0.053500 -0.160778 0.039815
v -0.053500 -0.154728 0.045875
v -0.053500 -0.146468 0.048085
v -0.053500 -0.138208 0.045875
v -0.053500 -0.132158 0.039815
v -0.053500 -0.129938 0.031555
v -0.053500 -0.132158 0.023285
v -0.053500 -0.138208 0.017245
v -0.053500 -0.146468 0.015025
v -0.021270 -0.154728 0.017245
v -0.021270 -0.138208 0.017245
v -0.021270 -0.146468 0.015025
v -0.021270 -0.132158 0.023285
v -0.021270 -0.129938 0.031555
v -0.021270 -0.132158 0.039815
v -0.021270 -0.138208 0.045875
v -0.021270 -0.146468 0.048085
v -0.021270 -0.154728 0.045875
v -0.021270 -0.160778 0.039815
v -0.021270 -0.162998 0.031555
v -0.021270 -0.160778 0.023285
vt 0.33090 -0.03760
vt 0.31360 -0.06320
vt 0.31360 -0.03760
vt 0.33090 -0.06320
vt 0.37950 -0.03760
vt 0.37950 -0.06320
vt 0.40100 -0.03760
vt 0.40100 -0.06320
vt 0.59930 -0.05520
vt 0.58270 -0.06010
vt 0.59930 -0.06010
vt 0.58240 -0.04270
vt 0.62000 -0.03860
vt 0.62000 -0.01200
vt 0.64180 -0.03860
vt 0.64180 -0.01200
vt 0.41760 -0.01420
vt 0.41270 -0.03980
vt 0.41270 -0.01420
vt 0.41760 -0.03980
vt 0.44420 -0.01420
vt 0.44420 -0.03980
vt 0.46590 -0.01420
vt 0.46590 -0.03980
vt 0.58240 -0.04270
vt 0.59930 -0.06010
vt 0.58270 -0.06010
vt 0.59930 -0.05520
vt 0.62000 -0.01200
vt 0.62000 -0.03860
vt 0.64180 -0.01200
vt 0.64180 -0.03860
vt 0.90450 -0.80980
vt 0.84760 -0.82490
vt 0.84760 -0.80980
vt 0.90450 -0.82490
vt 0.84760 -0.83980
vt 0.90450 -0.83980
vt 0.84760 -0.85490
vt 0.90450 -0.85490
vt 0.84760 -0.87010
vt 0.90450 -0.87010
vt 0.84760 -0.88500
vt 0.90450 -0.88500
vt 0.84760 -0.90010
vt 0.90450 -0.90010
vt 0.84760 -0.91530
vt 0.90450 -0.91530
vt 0.84760 -0.93020
vt 0.90450 -0.93020
vt 0.84760 -0.94530
vt 0.90450 -0.94530
vt 0.84760 -0.96040
vt 0.90450 -0.96040
vt 0.84760 -0.97530
vt 0.90450 -0.97530
vt 0.84760 -0.99050
vt 0.90450 -0.99050
vt 0.93850 -0.08380
vt 0.96650 -0.09130
vt 0.95140 -0.09130
vt 0.97950 -0.08380
vt 0.98710 -0.07080
vt 0.98710 -0.05570
vt 0.97970 -0.04250
vt 0.96650 -0.03490
vt 0.95160 -0.03490
vt 0.93850 -0.04250
vt 0.93090 -0.05540
vt 0.93090 -0.07060
vt 0.57440 -0.08860
vt 0.56700 -0.06060
vt 0.57440 -0.07370
vt 0.55380 -0.05300
vt 0.53890 -0.05300
vt 0.52580 -0.06060
vt 0.51820 -0.07350
vt 0.51820 -0.08860
vt 0.52580 -0.10160
vt 0.53870 -0.10920
vt 0.55380 -0.10920
vt 0.56680 -0.10180
g vehicle#optic1_turret_2_0
usemtl da82c663-8715-4b2b-b635-64f3902b5610
f 991/991 990/990 989/989
f 992/992 989/989 990/990
f 989/989 992/992 993/993
f 994/994 993/993 992/992
f 993/993 994/994 995/995
f 996/996 995/995 994/994
f 999/999 998/998 997/997
f 1000/1000 997/997 998/998
f 997/997 1000/1000 1001/1001
f 1002/1002 1001/1001 1000/1000
f 1001/1001 1002/1002 1003/1003
f 1004/1004 1003/1003 1002/1002
f 1007/1007 1006/1006 1005/1005
f 1008/1008 1005/1005 1006/1006
f 1005/1005 1008/1008 1009/1009
f 1010/1010 1009/1009 1008/1008
f 1009/1009 1010/1010 1011/1011
f 1012/1012 1011/1011 1010/1010
f 1015/1015 1014/1014 1013/1013
f 1016/1016 1013/1013 1014/1014
f 1013/1013 1016/1016 1017/1017
f 1018/1018 1017/1017 1016/1016
f 1017/1017 1018/1018 1019/1019
f 1020/1020 1019/1019 1018/1018
f 1023/1023 1022/1022 1021/1021
f 1024/1024 1021/1021 1022/1022
f 1022/1022 1025/1025 1024/1024
f 1026/1026 1024/1024 1025/1025
f 1025/1025 1027/1027 1026/1026
f 1028/1028 1026/1026 1027/1027
f 1027/1027 1029/1029 1028/1028
f 1030/1030 1028/1028 1029/1029
f 1029/1029 1031/1031 1030/1030
f 1032/1032 1030/1030 1031/1031
f 1031/1031 1033/1033 1032/1032
f 1034/1034 1032/1032 1033/1033
f 1033/1033 1035/1035 1034/1034
f 1036/1036 1034/1034 1035/1035
f 1035/1035 1037/1037 1036/1036
f 1038/1038 1036/1036 1037/1037
f 1037/1037 1039/1039 1038/1038
f 1040/1040 1038/1038 1039/1039
f 1039/1039 1041/1041 1040/1040
f 1042/1042 1040/1040 1041/1041
f 1041/1041 1043/1043 1042/1042
f 1044/1044 1042/1042 1043/1043
f 1043/1043 1045/1045 1044/1044
f 1046/1046 1044/1044 1045/1045
f 1049/1049 1048/1048 1047/1047
f 1048/1048 1050/1050 1047/1047
f 1050/1050 1051/1051 1047/1047
f 1051/1051 1052/1052 1047/1047
f 1052/1052 1053/1053 1047/1047
f 1053/1053 1054/1054 1047/1047
f 1054/1054 1055/1055 1047/1047
f 1055/1055 1056/1056 1047/1047
f 1056/1056 1057/1057 1047/1047
f 1057/1057 1058/1058 1047/1047
f 1061/1061 1060/1060 1059/1059
f 1060/1060 1062/1062 1059/1059
f 1062/1062 1063/1063 1059/1059
f 1063/1063 1064/1064 1059/1059
f 1064/1064 1065/1065 1059/1059
f 1065/1065 1066/1066 1059/1059
f 1066/1066 1067/1067 1059/1059
f 1067/1067 1068/1068 1059/1059
f 1068/1068 1069/1069 1059/1059
f 1069/1069 1070/1070 1059/1059
o vehicle#wing_r_2
v -0.212812 0.003285 0.201427
v -0.086562 0.019055 0.128427
v -0.086512 0.003285 0.128507
v -0.212862 0.019055 0.201347
v -0.226822 0.019055 0.175957
v -0.086562 0.019055 0.128427
v -0.212862 0.019055 0.201347
v -0.100532 0.019055 0.103017
v -0.100482 0.003285 0.103097
v -0.226822 0.019055 0.175957
v -0.226772 0.003285 0.176037
v -0.100532 0.019055 0.103017
v -0.212812 0.003285 0.201427
v -0.100482 0.003285 0.103097
v -0.226772 0.003285 0.176037
v -0.086512 0.003285 0.128507
v -0.221672 -0.041015 -0.196603
v -0.089352 -0.024295 -0.135003
v -0.221712 -0.025245 -0.196723
v -0.089312 -0.040065 -0.134883
v -0.235352 -0.024905 -0.171173
v -0.089352 -0.024295 -0.135003
v -0.103012 -0.023955 -0.109433
v -0.221712 -0.025245 -0.196723
v -0.102962 -0.039725 -0.109303
v -0.235352 -0.024905 -0.171173
v -0.103012 -0.023955 -0.109433
v -0.235312 -0.040685 -0.171043
v -0.221672 -0.041015 -0.196603
v -0.102962 -0.039725 -0.109303
v -0.089312 -0.040065 -0.134883
v -0.235312 -0.040685 -0.171043
v -0.213402 0.021795 0.184267
v -0.221962 -0.000305 0.176127
v -0.213402 -0.000305 0.184267
v -0.221962 0.021795 0.176127
v -0.233442 -0.000305 0.173357
v -0.233442 0.021795 0.173357
v -0.244762 -0.000305 0.176697
v -0.244762 0.021795 0.176687
v -0.252902 -0.000305 0.185247
v -0.252902 0.021795 0.185247
v -0.255672 -0.000305 0.196727
v -0.255672 0.021795 0.196727
v -0.252332 -0.000305 0.208047
v -0.252332 0.021795 0.208047
v -0.243782 -0.000305 0.216187
v -0.243782 0.021795 0.216187
v -0.232302 -0.000305 0.218957
v -0.232302 0.021795 0.218957
v -0.220982 -0.000305 0.215627
v -0.220982 0.021795 0.215627
v -0.212832 -0.000305 0.207077
v -0.212832 0.021795 0.207077
v -0.210062 -0.000305 0.195597
v -0.210062 0.021795 0.195597
v -0.213402 -0.000305 0.184267
v -0.213402 0.021795 0.184267
v -0.230502 -0.043135 -0.171103
v -0.222052 -0.021145 -0.179643
v -0.222052 -0.043245 -0.179353
v -0.230502 -0.021035 -0.171393
v -0.241942 -0.043095 -0.168193
v -0.241942 -0.020995 -0.168483
v -0.253302 -0.043135 -0.171383
v -0.253302 -0.021045 -0.171673
v -0.261552 -0.043245 -0.179843
v -0.261552 -0.021155 -0.180133
v -0.264462 -0.043405 -0.191273
v -0.264462 -0.021305 -0.191573
v -0.261272 -0.043545 -0.202643
v -0.261272 -0.021455 -0.202933
v -0.252822 -0.043655 -0.210893
v -0.252822 -0.021555 -0.211183
v -0.241382 -0.043695 -0.213803
v -0.241382 -0.021595 -0.214093
v -0.230012 -0.043655 -0.210613
v -0.230012 -0.021555 -0.210903
v -0.221772 -0.043545 -0.202153
v -0.221772 -0.021445 -0.202443
v -0.218852 -0.043395 -0.190723
v -0.218852 -0.021295 -0.191013
v -0.222052 -0.043245 -0.179353
v -0.222052 -0.021145 -0.179643
v -0.220982 -0.000305 0.215627
v -0.243782 -0.000305 0.216187
v -0.232302 -0.000305 0.218957
v -0.252332 -0.000305 0.208047
v -0.255672 -0.000305 0.196727
v -0.252902 -0.000305 0.185247
v -0.244762 -0.000305 0.176697
v -0.233442 -0.000305 0.173357
v -0.221962 -0.000305 0.176127
v -0.213402 -0.000305 0.184267
v -0.210062 -0.000305 0.195597
v -0.212832 -0.000305 0.207077
v -0.252332 0.021795 0.208047
v -0.232302 0.021795 0.218957
v -0.243782 0.021795 0.216187
v -0.220982 0.021795 0.215627
v -0.212832 0.021795 0.207077
v -0.210062 0.021795 0.195597
v -0.213402 0.021795 0.184267
v -0.221962 0.021795 0.176127
v -0.233442 0.021795 0.173357
v -0.244762 0.021795 0.176687
v -0.252902 0.021795 0.185247
v -0.255672 0.021795 0.196727
v -0.230012 -0.043655 -0.210613
v -0.218852 -0.043395 -0.190723
v -0.221772 -0.043545 -0.202153
v -0.222052 -0.043245 -0.179353
v -0.230502 -0.043135 -0.171103
v -0.241942 -0.043095 -0.168193
v -0.253302 -0.043135 -0.171383
v -0.261552 -0.043245 -0.179843
v -0.264462 -0.043405 -0.191273
v -0.261272 -0.043545 -0.202643
v -0.252822 -0.043655 -0.210893
v -0.241382 -0.043695 -0.213803
v -0.261272 -0.021455 -0.202933
v -0.261552 -0.021155 -0.180133
v -0.264462 -0.021305 -0.191573
v -0.253302 -0.021045 -0.171673
v -0.241942 -0.020995 -0.168483
v -0.230502 -0.021035 -0.171393
v -0.222052 -0.021145 -0.179643
v -0.218852 -0.021295 -0.191013
v -0.221772 -0.021445 -0.202443
v -0.230012 -0.021555 -0.210903
v -0.241382 -0.021595 -0.214093
v -0.252822 -0.021555 -0.211183
vt 0.18930 -0.77290
vt 0.16170 -0.50310
vt 0.18930 -0.50310
vt 0.16170 -0.77290
vt 0.00980 -0.50310
vt 0.06080 -0.77290
vt 0.06080 -0.50310
vt 0.00980 -0.77290
vt 0.18930 -0.77290
vt 0.16170 -0.50310
vt 0.18930 -0.50310
vt 0.16170 -0.77290
vt 0.11940 -0.77290
vt 0.06840 -0.50310
vt 0.06840 -0.77290
vt 0.11940 -0.50310
vt 0.15430 -0.50310
vt 0.12650 -0.77290
vt 0.12650 -0.50310
vt 0.15430 -0.77290
vt 0.11940 -0.77290
vt 0.06840 -0.50310
vt 0.11940 -0.50310
vt 0.06840 -0.77290
vt 0.15430 -0.50310
vt 0.12650 -0.77290
vt 0.12650 -0.50310
vt 0.15430 -0.77290
vt 0.00980 -0.50310
vt 0.06080 -0.77290
vt 0.00980 -0.77290
vt 0.06080 -0.50310
vt 0.20370 -0.52600
vt 0.24250 -0.54380
vt 0.24250 -0.52600
vt 0.20370 -0.54380
vt 0.24250 -0.57340
vt 0.20370 -0.57340
vt 0.24250 -0.58830
vt 0.20370 -0.58830
vt 0.24250 -0.60900
vt 0.20370 -0.60900
vt 0.24250 -0.62980
vt 0.20370 -0.62980
vt 0.24250 -0.65080
vt 0.20370 -0.65080
vt 0.24250 -0.67160
vt 0.20370 -0.67160
vt 0.24250 -0.69230
vt 0.20370 -0.69230
vt 0.24250 -0.71310
vt 0.20370 -0.71310
vt 0.24250 -0.73600
vt 0.20370 -0.73600
vt 0.24250 -0.75460
vt 0.20370 -0.75460
vt 0.24250 -0.77530
vt 0.20370 -0.77530
vt 0.24250 -0.54380
vt 0.20370 -0.52600
vt 0.24250 -0.52600
vt 0.20370 -0.54380
vt 0.24250 -0.57480
vt 0.20370 -0.57480
vt 0.24250 -0.58830
vt 0.20370 -0.58830
vt 0.24250 -0.60900
vt 0.20370 -0.60900
vt 0.24250 -0.62980
vt 0.20370 -0.62980
vt 0.24250 -0.65080
vt 0.20370 -0.65080
vt 0.24250 -0.67160
vt 0.20370 -0.67160
vt 0.24250 -0.69230
vt 0.20370 -0.69230
vt 0.24250 -0.71310
vt 0.20370 -0.71310
vt 0.24250 -0.73430
vt 0.20370 -0.73430
vt 0.24250 -0.75460
vt 0.20370 -0.75460
vt 0.24250 -0.77530
vt 0.20370 -0.77530
vt 0.65250 -0.17480
vt 0.64200 -0.13600
vt 0.64200 -0.15680
vt 0.65250 -0.11790
vt 0.67060 -0.10770
vt 0.69130 -0.10770
vt 0.70940 -0.11820
vt 0.71970 -0.13630
vt 0.71970 -0.15700
vt 0.70920 -0.17480
vt 0.69110 -0.18530
vt 0.67030 -0.18530
vt 0.58120 -0.10770
vt 0.62000 -0.11820
vt 0.60200 -0.10770
vt 0.63030 -0.13630
vt 0.63030 -0.15700
vt 0.62000 -0.17480
vt 0.60200 -0.18530
vt 0.58120 -0.18530
vt 0.56310 -0.17480
vt 0.55290 -0.15680
vt 0.55290 -0.13600
vt 0.56310 -0.11790
vt 0.70940 -0.11820
vt 0.67060 -0.10770
vt 0.69130 -0.10770
vt 0.65250 -0.11790
vt 0.64200 -0.13600
vt 0.64200 -0.15680
vt 0.65250 -0.17480
vt 0.67030 -0.18530
vt 0.69110 -0.18530
vt 0.70920 -0.17480
vt 0.71970 -0.15700
vt 0.71970 -0.13630
vt 0.60200 -0.18530
vt 0.63030 -0.15700
vt 0.62000 -0.17480
vt 0.63030 -0.13630
vt 0.62000 -0.11820
vt 0.60200 -0.10770
vt 0.58120 -0.10770
vt 0.56310 -0.11790
vt 0.55290 -0.13600
vt 0.55290 -0.15680
vt 0.56310 -0.17480
vt 0.58120 -0.18530
g vehicle#wing_r_3_0
usemtl da82c663-8715-4b2b-b635-64f3902b5610
f 1073/1073 1072/1072 1071/1071
f 1074/1074 1071/1071 1072/1072
f 1077/1077 1076/1076 1075/1075
f 1078/1078 1075/1075 1076/1076
f 1081/1081 1080/1080 1079/1079
f 1082/1082 1079/1079 1080/1080
f 1085/1085 1084/1084 1083/1083
f 1086/1086 1083/1083 1084/1084
f 1089/1089 1088/1088 1087/1087
f 1090/1090 1087/1087 1088/1088
f 1093/1093 1092/1092 1091/1091
f 1094/1094 1091/1091 1092/1092
f 1097/1097 1096/1096 1095/1095
f 1098/1098 1095/1095 1096/1096
f 1101/1101 1100/1100 1099/1099
f 1102/1102 1099/1099 1100/1100
f 1105/1105 1104/1104 1103/1103
f 1106/1106 1103/1103 1104/1104
f 1104/1104 1107/1107 1106/1106
f 1108/1108 1106/1106 1107/1107
f 1107/1107 1109/1109 1108/1108
f 1110/1110 1108/1108 1109/1109
f 1109/1109 1111/1111 1110/1110
f 1112/1112 1110/1110 1111/1111
f 1111/1111 1113/1113 1112/1112
f 1114/1114 1112/1112 1113/1113
f 1113/1113 1115/1115 1114/1114
f 1116/1116 1114/1114 1115/1115
f 1115/1115 1117/1117 1116/1116
f 1118/1118 1116/1116 1117/1117
f 1117/1117 1119/1119 1118/1118
f 1120/1120 1118/1118 1119/1119
f 1119/1119 1121/1121 1120/1120
f 1122/1122 1120/1120 1121/1121
f 1121/1121 1123/1123 1122/1122
f 1124/1124 1122/1122 1123/1123
f 1123/1123 1125/1125 1124/1124
f 1126/1126 1124/1124 1125/1125
f 1125/1125 1127/1127 1126/1126
f 1128/1128 1126/1126 1127/1127
f 1131/1131 1130/1130 1129/1129
f 1132/1132 1129/1129 1130/1130
f 1129/1129 1132/1132 1133/1133
f 1134/1134 1133/1133 1132/1132
f 1133/1133 1134/1134 1135/1135
f 1136/1136 1135/1135 1134/1134
f 1135/1135 1136/1136 1137/1137
f 1138/1138 1137/1137 1136/1136
f 1137/1137 1138/1138 1139/1139
f 1140/1140 1139/1139 1138/1138
f 1139/1139 1140/1140 1141/1141
f 1142/1142 1141/1141 1140/1140
f 1141/1141 1142/1142 1143/1143
f 1144/1144 1143/1143 1142/1142
f 1143/1143 1144/1144 1145/1145
f 1146/1146 1145/1145 1144/1144
f 1145/1145 1146/1146 1147/1147
f 1148/1148 1147/1147 1146/1146
f 1147/1147 1148/1148 1149/1149
f 1150/1150 1149/1149 1148/1148
f 1149/1149 1150/1150 1151/1151
f 1152/1152 1151/1151 1150/1150
f 1151/1151 1152/1152 1153/1153
f 1154/1154 1153/1153 1152/1152
f 1157/1157 1156/1156 1155/1155
f 1156/1156 1158/1158 1155/1155
f 1158/1158 1159/1159 1155/1155
f 1159/1159 1160/1160 1155/1155
f 1160/1160 1161/1161 1155/1155
f 1161/1161 1162/1162 1155/1155
f 1162/1162 1163/1163 1155/1155
f 1163/1163 1164/1164 1155/1155
f 1164/1164 1165/1165 1155/1155
f 1165/1165 1166/1166 1155/1155
f 1169/1169 1168/1168 1167/1167
f 1168/1168 1170/1170 1167/1167
f 1170/1170 1171/1171 1167/1167
f 1171/1171 1172/1172 1167/1167
f 1172/1172 1173/1173 1167/1167
f 1173/1173 1174/1174 1167/1167
f 1174/1174 1175/1175 1167/1167
f 1175/1175 1176/1176 1167/1167
f 1176/1176 1177/1177 1167/1167
f 1177/1177 1178/1178 1167/1167
f 1181/1181 1180/1180 1179/1179
f 1180/1180 1182/1182 1179/1179
f 1182/1182 1183/1183 1179/1179
f 1183/1183 1184/1184 1179/1179
f 1184/1184 1185/1185 1179/1179
f 1185/1185 1186/1186 1179/1179
f 1186/1186 1187/1187 1179/1179
f 1187/1187 1188/1188 1179/1179
f 1188/1188 1189/1189 1179/1179
f 1189/1189 1190/1190 1179/1179
f 1193/1193 1192/1192 1191/1191
f 1192/1192 1194/1194 1191/1191
f 1194/1194 1195/1195 1191/1191
f 1195/1195 1196/1196 1191/1191
f 1196/1196 1197/1197 1191/1191
f 1197/1197 1198/1198 1191/1191
f 1198/1198 1199/1199 1191/1191
f 1199/1199 1200/1200 1191/1191
f 1200/1200 1201/1201 1191/1191
f 1201/1201 1202/1202 1191/1191
o vehicle#prop01_1_3
v -0.245060 0.033365 0.352940
v -0.249930 0.031015 0.228290
v -0.249930 0.033365 0.228290
v -0.245060 0.031015 0.352940
v -0.232950 0.029045 0.342230
v -0.221020 0.024415 0.222190
v -0.221020 0.022065 0.222190
v -0.232950 0.031395 0.342230
v -0.239100 0.031735 0.205370
v -0.249930 0.031015 0.228290
v -0.239100 0.029385 0.205370
v -0.249930 0.033365 0.228290
v -0.225480 0.024325 0.205320
v -0.221020 0.024415 0.222190
v -0.225480 0.026675 0.205320
v -0.221020 0.022065 0.222190
v -0.220680 0.033365 0.039380
v -0.215810 0.031015 0.164030
v -0.215810 0.033365 0.164030
v -0.220680 0.031015 0.039380
v -0.232790 0.029045 0.050090
v -0.244720 0.024415 0.170130
v -0.244720 0.022065 0.170130
v -0.232790 0.031395 0.050090
v -0.226640 0.031735 0.186950
v -0.215810 0.031015 0.164030
v -0.226640 0.029385 0.186950
v -0.215810 0.033365 0.164030
v -0.240260 0.024325 0.187000
v -0.244720 0.024415 0.170130
v -0.240260 0.026675 0.187000
v -0.244720 0.022065 0.170130
v -0.245230 0.021735 0.199800
v -0.242200 0.033515 0.187280
v -0.245230 0.033515 0.199800
v -0.242200 0.021735 0.187280
v -0.229840 0.033515 0.183630
v -0.229840 0.021735 0.183630
v -0.220510 0.033515 0.192520
v -0.220510 0.021735 0.192520
v -0.223540 0.033525 0.205040
v -0.223540 0.021735 0.205040
v -0.235900 0.033515 0.208680
v -0.235900 0.021735 0.208680
v -0.245230 0.033515 0.199800
v -0.245230 0.021735 0.199800
v -0.232950 0.029045 0.342230
v -0.239210 0.033365 0.351090
v -0.232950 0.031395 0.342230
v -0.239210 0.031015 0.351090
v -0.245060 0.033365 0.352940
v -0.245060 0.031015 0.352940
v -0.255680 0.038395 0.196600
v -0.252400 0.033455 0.207940
v -0.255680 0.033455 0.196600
v -0.252400 0.038395 0.207940
v -0.243890 0.033455 0.216130
v -0.243890 0.038395 0.216130
v -0.232430 0.033455 0.218960
v -0.232430 0.038395 0.218960
v -0.221090 0.033455 0.215690
v -0.221090 0.038395 0.215690
v -0.212900 0.033455 0.207180
v -0.212900 0.038395 0.207180
v -0.210060 0.033455 0.195720
v -0.210060 0.038395 0.195720
v -0.213340 0.033455 0.184380
v -0.213340 0.038395 0.184380
v -0.221850 0.033455 0.176190
v -0.221850 0.038395 0.176190
v -0.233310 0.033455 0.173360
v -0.233310 0.038395 0.173360
v -0.244650 0.033455 0.176620
v -0.244650 0.038395 0.176620
v -0.252840 0.033455 0.185140
v -0.252840 0.038395 0.185140
v -0.255680 0.033455 0.196600
v -0.255680 0.038395 0.196600
v -0.226530 0.033365 0.041240
v -0.220680 0.031015 0.039380
v -0.220680 0.033365 0.039380
v -0.226530 0.031015 0.041240
v -0.232790 0.029045 0.050090
v -0.232790 0.031395 0.050090
v -0.249930 0.033365 0.228290
v -0.239210 0.033365 0.351090
v -0.245060 0.033365 0.352940
v -0.236070 0.033365 0.225620
v -0.232950 0.031395 0.342230
v -0.221020 0.024415 0.222190
v -0.235900 0.033365 0.208420
v -0.239100 0.031735 0.205370
v -0.225480 0.026675 0.205320
v -0.221020 0.022065 0.222190
v -0.225480 0.024325 0.205320
v -0.235900 0.031015 0.208420
v -0.239100 0.029385 0.205370
v -0.249930 0.031015 0.228290
v -0.236070 0.031015 0.225620
v -0.232950 0.029045 0.342230
v -0.245060 0.031015 0.352940
v -0.239210 0.031015 0.351090
v -0.215810 0.033365 0.164030
v -0.226530 0.033365 0.041240
v -0.220680 0.033365 0.039380
v -0.229670 0.033365 0.166700
v -0.232790 0.031395 0.050090
v -0.244720 0.024415 0.170130
v -0.229840 0.033365 0.183900
v -0.226640 0.031735 0.186950
v -0.240260 0.026675 0.187000
v -0.244720 0.022065 0.170130
v -0.240260 0.024325 0.187000
v -0.229840 0.031015 0.183900
v -0.226640 0.029385 0.186950
v -0.215810 0.031015 0.164030
v -0.229670 0.031015 0.166700
v -0.232790 0.029045 0.050090
v -0.220680 0.031015 0.039380
v -0.226530 0.031015 0.041240
v -0.252400 0.033455 0.207940
v -0.252840 0.033455 0.185140
v -0.255680 0.033455 0.196600
v -0.244650 0.033455 0.176620
v -0.233310 0.033455 0.173360
v -0.221850 0.033455 0.176190
v -0.213340 0.033455 0.184380
v -0.210060 0.033455 0.195720
v -0.212900 0.033455 0.207180
v -0.221090 0.033455 0.215690
v -0.232430 0.033455 0.218960
v -0.243890 0.033455 0.216130
v -0.249540 0.043075 0.200970
v -0.252400 0.038395 0.207940
v -0.255680 0.038395 0.196600
v -0.252840 0.038395 0.185140
v -0.245370 0.043075 0.184130
v -0.244650 0.038395 0.176620
v -0.233310 0.038395 0.173360
v -0.237040 0.043075 0.213000
v -0.243890 0.038395 0.216130
v -0.232430 0.038395 0.218960
v -0.228700 0.043075 0.179320
v -0.221850 0.038395 0.176190
v -0.213340 0.038395 0.184380
v -0.216200 0.043075 0.191350
v -0.210060 0.038395 0.195720
v -0.212900 0.038395 0.207180
v -0.220370 0.043075 0.208200
v -0.221090 0.038395 0.215690
vt 0.87300 -0.03000
vt 0.65350 -0.03420
vt 0.65350 -0.03000
vt 0.87300 -0.03420
vt 0.65350 -0.01830
vt 0.86620 -0.01420
vt 0.86620 -0.01830
vt 0.65350 -0.01420
vt 0.39540 -0.98580
vt 0.44000 -0.99000
vt 0.39540 -0.99000
vt 0.44000 -0.98580
vt 0.85670 -0.79730
vt 0.82560 -0.79340
vt 0.85670 -0.79340
vt 0.82560 -0.79730
vt 0.87300 -0.03000
vt 0.65350 -0.03420
vt 0.65350 -0.03000
vt 0.87300 -0.03420
vt 0.65350 -0.01830
vt 0.86620 -0.01420
vt 0.86620 -0.01830
vt 0.65350 -0.01420
vt 0.39540 -0.98580
vt 0.44000 -0.99000
vt 0.39540 -0.99000
vt 0.44000 -0.98580
vt 0.85670 -0.79730
vt 0.82560 -0.79340
vt 0.85670 -0.79340
vt 0.82560 -0.79730
vt 0.98680 -0.51890
vt 0.96580 -0.54140
vt 0.96580 -0.51890
vt 0.98680 -0.54140
vt 0.96580 -0.56410
vt 0.98680 -0.56410
vt 0.96580 -0.58680
vt 0.98680 -0.58680
vt 0.96580 -0.60950
vt 0.98680 -0.60950
vt 0.96580 -0.63220
vt 0.98680 -0.63220
vt 0.96580 -0.65490
vt 0.98680 -0.65490
vt 0.37610 -0.78390
vt 0.35650 -0.77970
vt 0.37610 -0.77970
vt 0.35650 -0.78390
vt 0.34580 -0.77970
vt 0.34580 -0.78390
vt 0.66890 -0.04620
vt 0.68960 -0.05470
vt 0.66890 -0.05470
vt 0.68960 -0.04620
vt 0.71040 -0.05470
vt 0.71040 -0.04620
vt 0.73110 -0.05470
vt 0.73110 -0.04620
vt 0.75190 -0.05470
vt 0.75190 -0.04620
vt 0.77290 -0.05470
vt 0.77290 -0.04620
vt 0.79370 -0.05470
vt 0.79370 -0.04620
vt 0.81440 -0.05470
vt 0.81440 -0.04620
vt 0.83520 -0.05470
vt 0.83520 -0.04620
vt 0.85590 -0.05470
vt 0.85590 -0.04620
vt 0.87670 -0.05470
vt 0.87670 -0.04620
vt 0.89740 -0.05470
vt 0.89740 -0.04620
vt 0.91840 -0.05470
vt 0.91840 -0.04620
vt 0.35650 -0.77970
vt 0.34580 -0.78390
vt 0.34580 -0.77970
vt 0.35650 -0.78390
vt 0.37610 -0.78390
vt 0.37610 -0.77970
vt 0.41220 -0.25710
vt 0.19540 -0.24660
vt 0.19270 -0.25710
vt 0.41590 -0.23250
vt 0.21050 -0.23440
vt 0.42080 -0.20150
vt 0.44620 -0.23100
vt 0.45200 -0.23690
vt 0.45080 -0.20900
vt 0.22390 -0.22340
vt 0.19390 -0.21590
vt 0.19850 -0.19390
vt 0.19270 -0.18800
vt 0.23250 -0.16800
vt 0.22880 -0.19240
vt 0.43420 -0.19050
vt 0.45200 -0.16800
vt 0.44930 -0.17830
vt 0.41220 -0.35290
vt 0.19540 -0.34240
vt 0.19270 -0.35290
vt 0.41590 -0.32820
vt 0.21050 -0.33020
vt 0.42080 -0.29720
vt 0.44620 -0.32670
vt 0.45200 -0.33260
vt 0.45080 -0.30480
vt 0.22390 -0.22340
vt 0.19390 -0.21590
vt 0.19850 -0.19390
vt 0.19270 -0.18800
vt 0.23250 -0.16800
vt 0.22880 -0.19240
vt 0.43420 -0.19050
vt 0.45200 -0.16800
vt 0.44930 -0.17830
vt 0.08740 -0.20560
vt 0.05910 -0.17730
vt 0.07690 -0.18750
vt 0.03830 -0.17730
vt 0.02030 -0.18750
vt 0.00980 -0.20560
vt 0.00980 -0.22640
vt 0.02000 -0.24440
vt 0.03810 -0.25470
vt 0.05890 -0.25470
vt 0.07690 -0.24440
vt 0.08740 -0.22640
vt 0.09670 -0.16870
vt 0.08600 -0.17970
vt 0.08600 -0.15780
vt 0.09720 -0.13870
vt 0.11180 -0.14260
vt 0.11600 -0.12800
vt 0.13800 -0.12800
vt 0.11180 -0.19490
vt 0.09690 -0.19880
vt 0.11580 -0.20980
vt 0.14210 -0.14290
vt 0.15700 -0.13890
vt 0.16800 -0.15800
vt 0.15700 -0.16900
vt 0.16780 -0.17970
vt 0.15680 -0.19880
vt 0.14190 -0.19490
vt 0.13800 -0.20980
g vehicle#prop01_1_4_0
usemtl da82c663-8715-4b2b-b635-64f3902b5610
f 1205/1205 1204/1204 1203/1203
f 1206/1206 1203/1203 1204/1204
f 1209/1209 1208/1208 1207/1207
f 1210/1210 1207/1207 1208/1208
f 1213/1213 1212/1212 1211/1211
f 1214/1214 1211/1211 1212/1212
f 1217/1217 1216/1216 1215/1215
f 1218/1218 1215/1215 1216/1216
f 1221/1221 1220/1220 1219/1219
f 1222/1222 1219/1219 1220/1220
f 1225/1225 1224/1224 1223/1223
f 1226/1226 1223/1223 1224/1224
f 1229/1229 1228/1228 1227/1227
f 1230/1230 1227/1227 1228/1228
f 1233/1233 1232/1232 1231/1231
f 1234/1234 1231/1231 1232/1232
f 1237/1237 1236/1236 1235/1235
f 1238/1238 1235/1235 1236/1236
f 1236/1236 1239/1239 1238/1238
f 1240/1240 1238/1238 1239/1239
f 1239/1239 1241/1241 1240/1240
f 1242/1242 1240/1240 1241/1241
f 1241/1241 1243/1243 1242/1242
f 1244/1244 1242/1242 1243/1243
f 1243/1243 1245/1245 1244/1244
f 1246/1246 1244/1244 1245/1245
f 1245/1245 1247/1247 1246/1246
f 1248/1248 1246/1246 1247/1247
f 1251/1251 1250/1250 1249/1249
f 1252/1252 1249/1249 1250/1250
f 1250/1250 1253/1253 1252/1252
f 1254/1254 1252/1252 1253/1253
f 1257/1257 1256/1256 1255/1255
f 1258/1258 1255/1255 1256/1256
f 1256/1256 1259/1259 1258/1258
f 1260/1260 1258/1258 1259/1259
f 1259/1259 1261/1261 1260/1260
f 1262/1262 1260/1260 1261/1261
f 1261/1261 1263/1263 1262/1262
f 1264/1264 1262/1262 1263/1263
f 1263/1263 1265/1265 1264/1264
f 1266/1266 1264/1264 1265/1265
f 1265/1265 1267/1267 1266/1266
f 1268/1268 1266/1266 1267/1267
f 1267/1267 1269/1269 1268/1268
f 1270/1270 1268/1268 1269/1269
f 1269/1269 1271/1271 1270/1270
f 1272/1272 1270/1270 1271/1271
f 1271/1271 1273/1273 1272/1272
f 1274/1274 1272/1272 1273/1273
f 1273/1273 1275/1275 1274/1274
f 1276/1276 1274/1274 1275/1275
f 1275/1275 1277/1277 1276/1276
f 1278/1278 1276/1276 1277/1277
f 1277/1277 1279/1279 1278/1278
f 1280/1280 1278/1278 1279/1279
f 1283/1283 1282/1282 1281/1281
f 1284/1284 1281/1281 1282/1282
f 1284/1284 1285/1285 1281/1281
f 1286/1286 1281/1281 1285/1285
f 1289/1289 1288/1288 1287/1287
f 1290/1290 1287/1287 1288/1288
f 1288/1288 1291/1291 1290/1290
f 1291/1291 1292/1292 1290/1290
f 1290/1290 1293/1293 1287/1287
f 1292/1292 1293/1293 1290/1290
f 1293/1293 1294/1294 1287/1287
f 1292/1292 1295/1295 1293/1293
f 1298/1298 1297/1297 1296/1296
f 1300/1300 1299/1299 1298/1298
f 1300/1300 1298/1298 1301/1301
f 1301/1301 1298/1298 1296/1296
f 1301/1301 1296/1296 1302/1302
f 1300/1300 1301/1301 1303/1303
f 1304/1304 1303/1303 1301/1301
f 1301/1301 1302/1302 1304/1304
f 1307/1307 1306/1306 1305/1305
f 1308/1308 1305/1305 1306/1306
f 1306/1306 1309/1309 1308/1308
f 1309/1309 1310/1310 1308/1308
f 1308/1308 1311/1311 1305/1305
f 1310/1310 1311/1311 1308/1308
f 1311/1311 1312/1312 1305/1305
f 1310/1310 1313/1313 1311/1311
f 1316/1316 1315/1315 1314/1314
f 1318/1318 1317/1317 1316/1316
f 1318/1318 1316/1316 1319/1319
f 1319/1319 1316/1316 1314/1314
f 1319/1319 1314/1314 1320/1320
f 1318/1318 1319/1319 1321/1321
f 1322/1322 1321/1321 1319/1319
f 1319/1319 1320/1320 1322/1322
f 1325/1325 1324/1324 1323/1323
f 1324/1324 1326/1326 1323/1323
f 1326/1326 1327/1327 1323/1323
f 1327/1327 1328/1328 1323/1323
f 1328/1328 1329/1329 1323/1323
f 1329/1329 1330/1330 1323/1323
f 1330/1330 1331/1331 1323/1323
f 1331/1331 1332/1332 1323/1323
f 1332/1332 1333/1333 1323/1323
f 1333/1333 1334/1334 1323/1323
f 1337/1337 1336/1336 1335/1335
f 1337/1337 1335/1335 1338/1338
f 1339/1339 1338/1338 1335/1335
f 1340/1340 1338/1338 1339/1339
f 1340/1340 1339/1339 1341/1341
f 1335/1335 1336/1336 1342/1342
f 1339/1339 1335/1335 1342/1342
f 1343/1343 1342/1342 1336/1336
f 1344/1344 1342/1342 1343/1343
f 1345/1345 1341/1341 1339/1339
f 1345/1345 1339/1339 1342/1342
f 1346/1346 1341/1341 1345/1345
f 1346/1346 1345/1345 1347/1347
f 1348/1348 1347/1347 1345/1345
f 1348/1348 1345/1345 1342/1342
f 1349/1349 1347/1347 1348/1348
f 1349/1349 1348/1348 1350/1350
f 1351/1351 1348/1348 1342/1342
f 1351/1351 1350/1350 1348/1348
f 1342/1342 1344/1344 1351/1351
f 1352/1352 1350/1350 1351/1351
f 1352/1352 1351/1351 1344/1344
o vehicle#wing_l_4
v 0.212842 0.003285 0.201427
v 0.086562 0.019055 0.128427
v 0.212892 0.019055 0.201347
v 0.086512 0.003285 0.128507
v 0.226852 0.019055 0.175957
v 0.086562 0.019055 0.128427
v 0.100532 0.019055 0.103017
v 0.212892 0.019055 0.201347
v 0.100482 0.003285 0.103097
v 0.226852 0.019055 0.175957
v 0.100532 0.019055 0.103017
v 0.226802 0.003285 0.176037
v 0.212842 0.003285 0.201427
v 0.100482 0.003285 0.103097
v 0.086512 0.003285 0.128507
v 0.226802 0.003285 0.176037
v 0.221672 -0.041015 -0.196603
v 0.089352 -0.024295 -0.135003
v 0.089312 -0.040065 -0.134883
v 0.221712 -0.025245 -0.196723
v 0.235352 -0.024905 -0.171173
v 0.089352 -0.024295 -0.135003
v 0.221712 -0.025245 -0.196723
v 0.103012 -0.023955 -0.109433
v 0.102962 -0.039725 -0.109303
v 0.235352 -0.024905 -0.171173
v 0.235312 -0.040685 -0.171043
v 0.103012 -0.023955 -0.109433
v 0.221672 -0.041015 -0.196603
v 0.102962 -0.039725 -0.109303
v 0.235312 -0.040685 -0.171043
v 0.089312 -0.040065 -0.134883
v 0.221992 0.000835 0.176067
v 0.213432 0.022935 0.184207
v 0.213432 0.000835 0.184207
v 0.221992 0.022935 0.176067
v 0.233472 0.000835 0.173297
v 0.233472 0.022935 0.173297
v 0.244802 0.000835 0.176637
v 0.244802 0.022935 0.176637
v 0.252932 0.000835 0.185197
v 0.252932 0.022935 0.185197
v 0.255712 0.000835 0.196667
v 0.255712 0.022935 0.196667
v 0.252372 0.000835 0.207997
v 0.252372 0.022935 0.207997
v 0.243812 0.000835 0.216127
v 0.243812 0.022935 0.216127
v 0.232332 0.000835 0.218907
v 0.232332 0.022935 0.218907
v 0.221012 0.000835 0.215567
v 0.221012 0.022935 0.215567
v 0.212872 0.000835 0.207017
v 0.212872 0.022935 0.207017
v 0.210102 0.000835 0.195537
v 0.210102 0.022935 0.195537
v 0.213432 0.000835 0.184207
v 0.213432 0.022935 0.184207
v 0.222052 -0.021145 -0.179643
v 0.230502 -0.043135 -0.171103
v 0.222052 -0.043245 -0.179353
v 0.230502 -0.021035 -0.171393
v 0.241942 -0.043095 -0.168193
v 0.241942 -0.020995 -0.168483
v 0.253302 -0.043135 -0.171383
v 0.253302 -0.021045 -0.171673
v 0.261552 -0.043245 -0.179843
v 0.261552 -0.021155 -0.180133
v 0.264462 -0.043405 -0.191273
v 0.264462 -0.021305 -0.191573
v 0.261272 -0.043545 -0.202643
v 0.261272 -0.021455 -0.202933
v 0.252822 -0.043655 -0.210893
v 0.252822 -0.021555 -0.211183
v 0.241382 -0.043695 -0.213803
v 0.241382 -0.021595 -0.214093
v 0.230012 -0.043655 -0.210613
v 0.230012 -0.021555 -0.210903
v 0.221772 -0.043545 -0.202153
v 0.221772 -0.021445 -0.202443
v 0.218852 -0.043395 -0.190723
v 0.218852 -0.021295 -0.191013
v 0.222052 -0.043245 -0.179353
v 0.222052 -0.021145 -0.179643
v 0.221012 0.000835 0.215567
v 0.210102 0.000835 0.195537
v 0.212872 0.000835 0.207017
v 0.213432 0.000835 0.184207
v 0.221992 0.000835 0.176067
v 0.233472 0.000835 0.173297
v 0.244802 0.000835 0.176637
v 0.252932 0.000835 0.185197
v 0.255712 0.000835 0.196667
v 0.252372 0.000835 0.207997
v 0.243812 0.000835 0.216127
v 0.232332 0.000835 0.218907
v 0.252372 0.022935 0.207997
v 0.252932 0.022935 0.185197
v 0.255712 0.022935 0.196667
v 0.244802 0.022935 0.176637
v 0.233472 0.022935 0.173297
v 0.221992 0.022935 0.176067
v 0.213432 0.022935 0.184207
v 0.210102 0.022935 0.195537
v 0.212872 0.022935 0.207017
v 0.221012 0.022935 0.215567
v 0.232332 0.022935 0.218907
v 0.243812 0.022935 0.216127
v 0.230012 -0.043655 -0.210613
v 0.252822 -0.043655 -0.210893
v 0.241382 -0.043695 -0.213803
v 0.261272 -0.043545 -0.202643
v 0.264462 -0.043405 -0.191273
v 0.261552 -0.043245 -0.179843
v 0.253302 -0.043135 -0.171383
v 0.241942 -0.043095 -0.168193
v 0.230502 -0.043135 -0.171103
v 0.222052 -0.043245 -0.179353
v 0.218852 -0.043395 -0.190723
v 0.221772 -0.043545 -0.202153
v 0.261272 -0.021455 -0.202933
v 0.241382 -0.021595 -0.214093
v 0.252822 -0.021555 -0.211183
v 0.230012 -0.021555 -0.210903
v 0.221772 -0.021445 -0.202443
v 0.218852 -0.021295 -0.191013
v 0.222052 -0.021145 -0.179643
v 0.230502 -0.021035 -0.171393
v 0.241942 -0.020995 -0.168483
v 0.253302 -0.021045 -0.171673
v 0.261552 -0.021155 -0.180133
v 0.264462 -0.021305 -0.191573
vt 0.18930 -0.77290
vt 0.16170 -0.50310
vt 0.16170 -0.77290
vt 0.18930 -0.50310
vt 0.00980 -0.50310
vt 0.06080 -0.77290
vt 0.00980 -0.77290
vt 0.06080 -0.50310
vt 0.18930 -0.50310
vt 0.16170 -0.77290
vt 0.16170 -0.50310
vt 0.18930 -0.77290
vt 0.11940 -0.77290
vt 0.06840 -0.50310
vt 0.11940 -0.50310
vt 0.06840 -0.77290
vt 0.15430 -0.50310
vt 0.12650 -0.77290
vt 0.15430 -0.77290
vt 0.12650 -0.50310
vt 0.11940 -0.77290
vt 0.06840 -0.50310
vt 0.06840 -0.77290
vt 0.11940 -0.50310
vt 0.15430 -0.77290
vt 0.12650 -0.50310
vt 0.15430 -0.50310
vt 0.12650 -0.77290
vt 0.00980 -0.50310
vt 0.06080 -0.77290
vt 0.06080 -0.50310
vt 0.00980 -0.77290
vt 0.24250 -0.54380
vt 0.20370 -0.52600
vt 0.24250 -0.52600
vt 0.20370 -0.54380
vt 0.24250 -0.57340
vt 0.20370 -0.57340
vt 0.24250 -0.58830
vt 0.20370 -0.58830
vt 0.24250 -0.60900
vt 0.20370 -0.60900
vt 0.24250 -0.62980
vt 0.20370 -0.62980
vt 0.24250 -0.65080
vt 0.20370 -0.65080
vt 0.24250 -0.67160
vt 0.20370 -0.67160
vt 0.24250 -0.69230
vt 0.20370 -0.69230
vt 0.24250 -0.71310
vt 0.20370 -0.71310
vt 0.24250 -0.73600
vt 0.20370 -0.73600
vt 0.24250 -0.75460
vt 0.20370 -0.75460
vt 0.24250 -0.77530
vt 0.20370 -0.77530
vt 0.20370 -0.52600
vt 0.24250 -0.54380
vt 0.24250 -0.52600
vt 0.20370 -0.54380
vt 0.24250 -0.57480
vt 0.20370 -0.57480
vt 0.24250 -0.58830
vt 0.20370 -0.58830
vt 0.24250 -0.60900
vt 0.20370 -0.60900
vt 0.24250 -0.62980
vt 0.20370 -0.62980
vt 0.24250 -0.65080
vt 0.20370 -0.65080
vt 0.24250 -0.67160
vt 0.20370 -0.67160
vt 0.24250 -0.69230
vt 0.20370 -0.69230
vt 0.24250 -0.71310
vt 0.20370 -0.71310
vt 0.24250 -0.73430
vt 0.20370 -0.73430
vt 0.24250 -0.75460
vt 0.20370 -0.75460
vt 0.24250 -0.77530
vt 0.20370 -0.77530
vt 0.65250 -0.17480
vt 0.69110 -0.18530
vt 0.67030 -0.18530
vt 0.70920 -0.17480
vt 0.71970 -0.15700
vt 0.71970 -0.13630
vt 0.70940 -0.11820
vt 0.69130 -0.10770
vt 0.67060 -0.10770
vt 0.65250 -0.11790
vt 0.64200 -0.13600
vt 0.64200 -0.15680
vt 0.58120 -0.10770
vt 0.55290 -0.13600
vt 0.56310 -0.11790
vt 0.55290 -0.15680
vt 0.56310 -0.17480
vt 0.58120 -0.18530
vt 0.60200 -0.18530
vt 0.62000 -0.17480
vt 0.63030 -0.15700
vt 0.63030 -0.13630
vt 0.62000 -0.11820
vt 0.60200 -0.10770
vt 0.70940 -0.11820
vt 0.71970 -0.15700
vt 0.71970 -0.13630
vt 0.70920 -0.17480
vt 0.69110 -0.18530
vt 0.67030 -0.18530
vt 0.65250 -0.17480
vt 0.64200 -0.15680
vt 0.64200 -0.13600
vt 0.65250 -0.11790
vt 0.67060 -0.10770
vt 0.69130 -0.10770
vt 0.60200 -0.18530
vt 0.56310 -0.17480
vt 0.58120 -0.18530
vt 0.55290 -0.15680
vt 0.55290 -0.13600
vt 0.56310 -0.11790
vt 0.58120 -0.10770
vt 0.60200 -0.10770
vt 0.62000 -0.11820
vt 0.63030 -0.13630
vt 0.63030 -0.15700
vt 0.62000 -0.17480
g vehicle#wing_l_5_0
usemtl da82c663-8715-4b2b-b635-64f3902b5610
f 1355/1355 1354/1354 1353/1353
f 1356/1356 1353/1353 1354/1354
f 1359/1359 1358/1358 1357/1357
f 1360/1360 1357/1357 1358/1358
f 1363/1363 1362/1362 1361/1361
f 1364/1364 1361/1361 1362/1362
f 1367/1367 1366/1366 1365/1365
f 1368/1368 1365/1365 1366/1366
f 1371/1371 1370/1370 1369/1369
f 1372/1372 1369/1369 1370/1370
f 1375/1375 1374/1374 1373/1373
f 1376/1376 1373/1373 1374/1374
f 1379/1379 1378/1378 1377/1377
f 1380/1380 1377/1377 1378/1378
f 1383/1383 1382/1382 1381/1381
f 1384/1384 1381/1381 1382/1382
f 1387/1387 1386/1386 1385/1385
f 1388/1388 1385/1385 1386/1386
f 1385/1385 1388/1388 1389/1389
f 1390/1390 1389/1389 1388/1388
f 1389/1389 1390/1390 1391/1391
f 1392/1392 1391/1391 1390/1390
f 1391/1391 1392/1392 1393/1393
f 1394/1394 1393/1393 1392/1392
f 1393/1393 1394/1394 1395/1395
f 1396/1396 1395/1395 1394/1394
f 1395/1395 1396/1396 1397/1397
f 1398/1398 1397/1397 1396/1396
f 1397/1397 1398/1398 1399/1399
f 1400/1400 1399/1399 1398/1398
f 1399/1399 1400/1400 1401/1401
f 1402/1402 1401/1401 1400/1400
f 1401/1401 1402/1402 1403/1403
f 1404/1404 1403/1403 1402/1402
f 1403/1403 1404/1404 1405/1405
f 1406/1406 1405/1405 1404/1404
f 1405/1405 1406/1406 1407/1407
f 1408/1408 1407/1407 1406/1406
f 1407/1407 1408/1408 1409/1409
f 1410/1410 1409/1409 1408/1408
f 1413/1413 1412/1412 1411/1411
f 1414/1414 1411/1411 1412/1412
f 1412/1412 1415/1415 1414/1414
f 1416/1416 1414/1414 1415/1415
f 1415/1415 1417/1417 1416/1416
f 1418/1418 1416/1416 1417/1417
f 1417/1417 1419/1419 1418/1418
f 1420/1420 1418/1418 1419/1419
f 1419/1419 1421/1421 1420/1420
f 1422/1422 1420/1420 1421/1421
f 1421/1421 1423/1423 1422/1422
f 1424/1424 1422/1422 1423/1423
f 1423/1423 1425/1425 1424/1424
f 1426/1426 1424/1424 1425/1425
f 1425/1425 1427/1427 1426/1426
f 1428/1428 1426/1426 1427/1427
f 1427/1427 1429/1429 1428/1428
f 1430/1430 1428/1428 1429/1429
f 1429/1429 1431/1431 1430/1430
f 1432/1432 1430/1430 1431/1431
f 1431/1431 1433/1433 1432/1432
f 1434/1434 1432/1432 1433/1433
f 1433/1433 1435/1435 1434/1434
f 1436/1436 1434/1434 1435/1435
f 1439/1439 1438/1438 1437/1437
f 1438/1438 1440/1440 1437/1437
f 1440/1440 1441/1441 1437/1437
f 1441/1441 1442/1442 1437/1437
f 1442/1442 1443/1443 1437/1437
f 1443/1443 1444/1444 1437/1437
f 1444/1444 1445/1445 1437/1437
f 1445/1445 1446/1446 1437/1437
f 1446/1446 1447/1447 1437/1437
f 1447/1447 1448/1448 1437/1437
f 1451/1451 1450/1450 1449/1449
f 1450/1450 1452/1452 1449/1449
f 1452/1452 1453/1453 1449/1449
f 1453/1453 1454/1454 1449/1449
f 1454/1454 1455/1455 1449/1449
f 1455/1455 1456/1456 1449/1449
f 1456/1456 1457/1457 1449/1449
f 1457/1457 1458/1458 1449/1449
f 1458/1458 1459/1459 1449/1449
f 1459/1459 1460/1460 1449/1449
f 1463/1463 1462/1462 1461/1461
f 1462/1462 1464/1464 1461/1461
f 1464/1464 1465/1465 1461/1461
f 1465/1465 1466/1466 1461/1461
f 1466/1466 1467/1467 1461/1461
f 1467/1467 1468/1468 1461/1461
f 1468/1468 1469/1469 1461/1461
f 1469/1469 1470/1470 1461/1461
f 1470/1470 1471/1471 1461/1461
f 1471/1471 1472/1472 1461/1461
f 1475/1475 1474/1474 1473/1473
f 1474/1474 1476/1476 1473/1473
f 1476/1476 1477/1477 1473/1473
f 1477/1477 1478/1478 1473/1473
f 1478/1478 1479/1479 1473/1473
f 1479/1479 1480/1480 1473/1473
f 1480/1480 1481/1481 1473/1473
f 1481/1481 1482/1482 1473/1473
f 1482/1482 1483/1483 1473/1473
f 1483/1483 1484/1484 1473/1473
o vehicle#prop01_3_5
v 0.220914 0.034500 0.352882
v 0.216054 0.032150 0.228232
v 0.216054 0.034500 0.228232
v 0.220914 0.032150 0.352882
v 0.233034 0.030180 0.342172
v 0.244954 0.025550 0.222132
v 0.244954 0.023200 0.222132
v 0.233034 0.032530 0.342172
v 0.226874 0.032870 0.205312
v 0.216054 0.032150 0.228232
v 0.226874 0.030520 0.205312
v 0.216054 0.034500 0.228232
v 0.240494 0.025460 0.205262
v 0.244954 0.025550 0.222132
v 0.240494 0.027810 0.205262
v 0.244954 0.023200 0.222132
v 0.245294 0.034500 0.039322
v 0.250164 0.032150 0.163972
v 0.250164 0.034500 0.163972
v 0.245294 0.032150 0.039322
v 0.233184 0.030180 0.050032
v 0.221254 0.025550 0.170072
v 0.221254 0.023200 0.170072
v 0.233184 0.032530 0.050032
v 0.239334 0.032870 0.186892
v 0.250164 0.032150 0.163972
v 0.239334 0.030520 0.186892
v 0.250164 0.034500 0.163972
v 0.225724 0.025460 0.186942
v 0.221254 0.025550 0.170072
v 0.225724 0.027810 0.186942
v 0.221254 0.023200 0.170072
v 0.220744 0.022870 0.199742
v 0.223774 0.034650 0.187222
v 0.220744 0.034650 0.199742
v 0.223774 0.022870 0.187222
v 0.236124 0.034650 0.183572
v 0.236124 0.022870 0.183572
v 0.245464 0.034650 0.192462
v 0.245464 0.022870 0.192462
v 0.242444 0.034660 0.204982
v 0.242444 0.022870 0.204982
v 0.230074 0.034650 0.208622
v 0.230074 0.022870 0.208622
v 0.220744 0.034650 0.199742
v 0.220744 0.022870 0.199742
v 0.233034 0.030180 0.342172
v 0.226774 0.034500 0.351032
v 0.233034 0.032530 0.342172
v 0.226774 0.032150 0.351032
v 0.220914 0.034500 0.352882
v 0.220914 0.032150 0.352882
v 0.210094 0.034590 0.195662
v 0.212934 0.039530 0.207122
v 0.212934 0.034590 0.207122
v 0.210094 0.039530 0.195662
v 0.213374 0.034590 0.184322
v 0.213374 0.039530 0.184322
v 0.221884 0.034590 0.176132
v 0.221884 0.039530 0.176132
v 0.233344 0.034590 0.173302
v 0.233344 0.039530 0.173302
v 0.244684 0.034590 0.176562
v 0.244684 0.039530 0.176562
v 0.252874 0.034590 0.185082
v 0.252874 0.039530 0.185082
v 0.255714 0.034590 0.196542
v 0.255714 0.039530 0.196542
v 0.252434 0.034590 0.207882
v 0.252434 0.039530 0.207882
v 0.243924 0.034590 0.216072
v 0.243924 0.039530 0.216072
v 0.232464 0.034590 0.218902
v 0.232464 0.039530 0.218902
v 0.221124 0.034590 0.215632
v 0.221124 0.039530 0.215632
v 0.212934 0.034590 0.207122
v 0.212934 0.039530 0.207122
v 0.239444 0.034500 0.041182
v 0.245294 0.032150 0.039322
v 0.245294 0.034500 0.039322
v 0.239444 0.032150 0.041182
v 0.233184 0.030180 0.050032
v 0.233184 0.032530 0.050032
v 0.216054 0.034500 0.228232
v 0.226774 0.034500 0.351032
v 0.220914 0.034500 0.352882
v 0.229904 0.034500 0.225562
v 0.233034 0.032530 0.342172
v 0.244954 0.025550 0.222132
v 0.230074 0.034500 0.208362
v 0.226874 0.032870 0.205312
v 0.240494 0.027810 0.205262
v 0.244954 0.023200 0.222132
v 0.240494 0.025460 0.205262
v 0.230074 0.032150 0.208362
v 0.226874 0.030520 0.205312
v 0.216054 0.032150 0.228232
v 0.229904 0.032150 0.225562
v 0.233034 0.030180 0.342172
v 0.220914 0.032150 0.352882
v 0.226774 0.032150 0.351032
v 0.250164 0.034500 0.163972
v 0.239444 0.034500 0.041182
v 0.245294 0.034500 0.039322
v 0.236314 0.034500 0.166642
v 0.233184 0.032530 0.050032
v 0.221254 0.025550 0.170072
v 0.236144 0.034500 0.183842
v 0.239334 0.032870 0.186892
v 0.225724 0.027810 0.186942
v 0.221254 0.023200 0.170072
v 0.225724 0.025460 0.186942
v 0.236144 0.032150 0.183842
v 0.239334 0.030520 0.186892
v 0.250164 0.032150 0.163972
v 0.236314 0.032150 0.166642
v 0.233184 0.030180 0.050032
v 0.245294 0.032150 0.039322
v 0.239444 0.032150 0.041182
v 0.252434 0.034590 0.207882
v 0.232464 0.034590 0.218902
v 0.243924 0.034590 0.216072
v 0.221124 0.034590 0.215632
v 0.212934 0.034590 0.207122
v 0.210094 0.034590 0.195662
v 0.213374 0.034590 0.184322
v 0.221884 0.034590 0.176132
v 0.233344 0.034590 0.173302
v 0.244684 0.034590 0.176562
v 0.252874 0.034590 0.185082
v 0.255714 0.034590 0.196542
v 0.249574 0.044210 0.200912
v 0.255714 0.039530 0.196542
v 0.252434 0.039530 0.207882
v 0.252874 0.039530 0.185082
v 0.245404 0.044210 0.184072
v 0.244684 0.039530 0.176562
v 0.233344 0.039530 0.173302
v 0.237074 0.044210 0.212942
v 0.243924 0.039530 0.216072
v 0.232464 0.039530 0.218902
v 0.228734 0.044210 0.179262
v 0.221884 0.039530 0.176132
v 0.213374 0.039530 0.184322
v 0.216234 0.044210 0.191292
v 0.210094 0.039530 0.195662
v 0.212934 0.039530 0.207122
v 0.220404 0.044210 0.208142
v 0.221124 0.039530 0.215632
vt 0.87300 -0.03000
vt 0.65350 -0.03420
vt 0.65350 -0.03000
vt 0.87300 -0.03420
vt 0.65350 -0.01830
vt 0.86620 -0.01420
vt 0.86620 -0.01830
vt 0.65350 -0.01420
vt 0.39540 -0.98580
vt 0.44000 -0.99000
vt 0.39540 -0.99000
vt 0.44000 -0.98580
vt 0.85670 -0.79730
vt 0.82560 -0.79340
vt 0.85670 -0.79340
vt 0.82560 -0.79730
vt 0.87300 -0.03000
vt 0.65350 -0.03420
vt 0.65350 -0.03000
vt 0.87300 -0.03420
vt 0.65350 -0.01830
vt 0.86620 -0.01420
vt 0.86620 -0.01830
vt 0.65350 -0.01420
vt 0.39540 -0.98580
vt 0.44000 -0.99000
vt 0.39540 -0.99000
vt 0.44000 -0.98580
vt 0.85670 -0.79730
vt 0.82560 -0.79340
vt 0.85670 -0.79340
vt 0.82560 -0.79730
vt 0.98680 -0.51890
vt 0.96580 -0.54140
vt 0.96580 -0.51890
vt 0.98680 -0.54140
vt 0.96580 -0.56410
vt 0.98680 -0.56410
vt 0.96580 -0.58680
vt 0.98680 -0.58680
vt 0.96580 -0.60950
vt 0.98680 -0.60950
vt 0.96580 -0.63220
vt 0.98680 -0.63220
vt 0.96580 -0.65490
vt 0.98680 -0.65490
vt 0.37610 -0.78390
vt 0.35650 -0.77970
vt 0.37610 -0.77970
vt 0.35650 -0.78390
vt 0.34580 -0.77970
vt 0.34580 -0.78390
vt 0.89740 -0.05470
vt 0.91840 -0.04620
vt 0.91840 -0.05470
vt 0.89740 -0.04620
vt 0.87670 -0.05470
vt 0.87670 -0.04620
vt 0.85590 -0.05470
vt 0.85590 -0.04620
vt 0.83520 -0.05470
vt 0.83520 -0.04620
vt 0.81440 -0.05470
vt 0.81440 -0.04620
vt 0.79370 -0.05470
vt 0.79370 -0.04620
vt 0.77290 -0.05470
vt 0.77290 -0.04620
vt 0.75190 -0.05470
vt 0.75190 -0.04620
vt 0.73110 -0.05470
vt 0.73110 -0.04620
vt 0.71040 -0.05470
vt 0.71040 -0.04620
vt 0.68960 -0.05470
vt 0.68960 -0.04620
vt 0.66890 -0.05470
vt 0.66890 -0.04620
vt 0.35650 -0.77970
vt 0.34580 -0.78390
vt 0.34580 -0.77970
vt 0.35650 -0.78390
vt 0.37610 -0.78390
vt 0.37610 -0.77970
vt 0.23250 -0.26470
vt 0.44930 -0.27520
vt 0.45200 -0.26470
vt 0.22880 -0.28940
vt 0.43420 -0.28740
vt 0.22390 -0.32040
vt 0.19850 -0.29080
vt 0.19270 -0.28500
vt 0.19390 -0.31280
vt 0.22390 -0.22340
vt 0.19390 -0.21590
vt 0.19850 -0.19390
vt 0.19270 -0.18800
vt 0.23250 -0.16800
vt 0.22880 -0.19240
vt 0.43420 -0.19050
vt 0.45200 -0.16800
vt 0.44930 -0.17830
vt 0.41220 -0.25710
vt 0.19540 -0.24660
vt 0.19270 -0.25710
vt 0.41590 -0.23250
vt 0.21050 -0.23440
vt 0.42080 -0.20150
vt 0.44620 -0.23100
vt 0.45200 -0.23690
vt 0.45080 -0.20900
vt 0.22390 -0.22340
vt 0.19390 -0.21590
vt 0.19850 -0.19390
vt 0.19270 -0.18800
vt 0.23250 -0.16800
vt 0.22880 -0.19240
vt 0.43420 -0.19050
vt 0.45200 -0.16800
vt 0.44930 -0.17830
vt 0.05890 -0.25470
vt 0.08740 -0.22640
vt 0.07690 -0.24440
vt 0.08740 -0.20560
vt 0.07690 -0.18750
vt 0.05910 -0.17730
vt 0.03830 -0.17730
vt 0.02030 -0.18750
vt 0.00980 -0.20560
vt 0.00980 -0.22640
vt 0.02000 -0.24440
vt 0.03810 -0.25470
vt 0.14190 -0.19490
vt 0.15680 -0.19880
vt 0.13800 -0.20980
vt 0.16780 -0.17970
vt 0.15700 -0.16900
vt 0.16800 -0.15800
vt 0.15700 -0.13890
vt 0.11180 -0.19490
vt 0.11580 -0.20980
vt 0.09690 -0.19880
vt 0.14210 -0.14290
vt 0.13800 -0.12800
vt 0.11600 -0.12800
vt 0.11180 -0.14260
vt 0.09720 -0.13870
vt 0.08600 -0.15780
vt 0.09670 -0.16870
vt 0.08600 -0.17970
g vehicle#prop01_3_6_0
usemtl da82c663-8715-4b2b-b635-64f3902b5610
f 1487/1487 1486/1486 1485/1485
f 1488/1488 1485/1485 1486/1486
f 1491/1491 1490/1490 1489/1489
f 1492/1492 1489/1489 1490/1490
f 1495/1495 1494/1494 1493/1493
f 1496/1496 1493/1493 1494/1494
f 1499/1499 1498/1498 1497/1497
f 1500/1500 1497/1497 1498/1498
f 1503/1503 1502/1502 1501/1501
f 1504/1504 1501/1501 1502/1502
f 1507/1507 1506/1506 1505/1505
f 1508/1508 1505/1505 1506/1506
f 1511/1511 1510/1510 1509/1509
f 1512/1512 1509/1509 1510/1510
f 1515/1515 1514/1514 1513/1513
f 1516/1516 1513/1513 1514/1514
f 1519/1519 1518/1518 1517/1517
f 1520/1520 1517/1517 1518/1518
f 1518/1518 1521/1521 1520/1520
f 1522/1522 1520/1520 1521/1521
f 1521/1521 1523/1523 1522/1522
f 1524/1524 1522/1522 1523/1523
f 1523/1523 1525/1525 1524/1524
f 1526/1526 1524/1524 1525/1525
f 1525/1525 1527/1527 1526/1526
f 1528/1528 1526/1526 1527/1527
f 1527/1527 1529/1529 1528/1528
f 1530/1530 1528/1528 1529/1529
f 1533/1533 1532/1532 1531/1531
f 1534/1534 1531/1531 1532/1532
f 1532/1532 1535/1535 1534/1534
f 1536/1536 1534/1534 1535/1535
f 1539/1539 1538/1538 1537/1537
f 1540/1540 1537/1537 1538/1538
f 1537/1537 1540/1540 1541/1541
f 1542/1542 1541/1541 1540/1540
f 1541/1541 1542/1542 1543/1543
f 1544/1544 1543/1543 1542/1542
f 1543/1543 1544/1544 1545/1545
f 1546/1546 1545/1545 1544/1544
f 1545/1545 1546/1546 1547/1547
f 1548/1548 1547/1547 1546/1546
f 1547/1547 1548/1548 1549/1549
f 1550/1550 1549/1549 1548/1548
f 1549/1549 1550/1550 1551/1551
f 1552/1552 1551/1551 1550/1550
f 1551/1551 1552/1552 1553/1553
f 1554/1554 1553/1553 1552/1552
f 1553/1553 1554/1554 1555/1555
f 1556/1556 1555/1555 1554/1554
f 1555/1555 1556/1556 1557/1557
f 1558/1558 1557/1557 1556/1556
f 1557/1557 1558/1558 1559/1559
f 1560/1560 1559/1559 1558/1558
f 1559/1559 1560/1560 1561/1561
f 1562/1562 1561/1561 1560/1560
f 1565/1565 1564/1564 1563/1563
f 1566/1566 1563/1563 1564/1564
f 1566/1566 1567/1567 1563/1563
f 1568/1568 1563/1563 1567/1567
f 1571/1571 1570/1570 1569/1569
f 1572/1572 1569/1569 1570/1570
f 1570/1570 1573/1573 1572/1572
f 1573/1573 1574/1574 1572/1572
f 1572/1572 1575/1575 1569/1569
f 1574/1574 1575/1575 1572/1572
f 1575/1575 1576/1576 1569/1569
f 1574/1574 1577/1577 1575/1575
f 1580/1580 1579/1579 1578/1578
f 1582/1582 1581/1581 1580/1580
f 1582/1582 1580/1580 1583/1583
f 1583/1583 1580/1580 1578/1578
f 1583/1583 1578/1578 1584/1584
f 1582/1582 1583/1583 1585/1585
f 1586/1586 1585/1585 1583/1583
f 1583/1583 1584/1584 1586/1586
f 1589/1589 1588/1588 1587/1587
f 1590/1590 1587/1587 1588/1588
f 1588/1588 1591/1591 1590/1590
f 1591/1591 1592/1592 1590/1590
f 1590/1590 1593/1593 1587/1587
f 1592/1592 1593/1593 1590/1590
f 1593/1593 1594/1594 1587/1587
f 1592/1592 1595/1595 1593/1593
f 1598/1598 1597/1597 1596/1596
f 1600/1600 1599/1599 1598/1598
f 1600/1600 1598/1598 1601/1601
f 1601/1601 1598/1598 1596/1596
f 1601/1601 1596/1596 1602/1602
f 1600/1600 1601/1601 1603/1603
f 1604/1604 1603/1603 1601/1601
f 1601/1601 1602/1602 1604/1604
f 1607/1607 1606/1606 1605/1605
f 1606/1606 1608/1608 1605/1605
f 1608/1608 1609/1609 1605/1605
f 1609/1609 1610/1610 1605/1605
f 1610/1610 1611/1611 1605/1605
f 1611/1611 1612/1612 1605/1605
f 1612/1612 1613/1613 1605/1605
f 1613/1613 1614/1614 1605/1605
f 1614/1614 1615/1615 1605/1605
f 1615/1615 1616/1616 1605/1605
f 1619/1619 1618/1618 1617/1617
f 1618/1618 1620/1620 1617/1617
f 1621/1621 1617/1617 1620/1620
f 1620/1620 1622/1622 1621/1621
f 1622/1622 1623/1623 1621/1621
f 1617/1617 1624/1624 1619/1619
f 1617/1617 1621/1621 1624/1624
f 1625/1625 1619/1619 1624/1624
f 1624/1624 1626/1626 1625/1625
f 1627/1627 1621/1621 1623/1623
f 1621/1621 1627/1627 1624/1624
f 1623/1623 1628/1628 1627/1627
f 1628/1628 1629/1629 1627/1627
f 1630/1630 1627/1627 1629/1629
f 1627/1627 1630/1630 1624/1624
f 1629/1629 1631/1631 1630/1630
f 1631/1631 1632/1632 1630/1630
f 1630/1630 1633/1633 1624/1624
f 1633/1633 1630/1630 1632/1632
f 1624/1624 1633/1633 1626/1626
f 1634/1634 1626/1626 1633/1633
f 1632/1632 1634/1634 1633/1633
o vehicle#optic1_gun_6
v -0.008480 -0.160289 0.048705
v -0.000000 -0.162559 0.060555
v -0.000000 -0.162559 0.048705
v -0.008480 -0.160289 0.060555
v -0.014680 -0.154079 0.048705
v -0.014680 -0.154079 0.060555
v -0.016950 -0.145609 0.048705
v -0.016950 -0.145609 0.060555
v -0.014680 -0.137129 0.048705
v -0.014680 -0.137129 0.060555
v -0.008480 -0.130929 0.048705
v -0.008480 -0.130929 0.060555
v -0.000000 -0.128659 0.048705
v -0.000000 -0.128659 0.060555
v 0.008480 -0.130929 0.048705
v 0.008480 -0.130929 0.060555
v 0.014680 -0.137129 0.048705
v 0.014680 -0.137129 0.060555
v 0.016950 -0.145609 0.048705
v 0.016950 -0.145609 0.060555
v 0.014680 -0.154079 0.048705
v 0.014680 -0.154079 0.060555
v 0.008480 -0.160289 0.048705
v 0.008480 -0.160289 0.060555
v -0.000000 -0.162559 0.048705
v -0.000000 -0.162559 0.060555
v 0.005720 -0.135709 0.060555
v -0.000000 -0.134179 0.048245
v -0.000000 -0.134179 0.060555
v 0.005720 -0.135709 0.048245
v 0.009900 -0.139889 0.060555
v 0.009900 -0.139889 0.048245
v 0.011430 -0.145609 0.060555
v 0.011430 -0.145609 0.048245
v 0.009900 -0.151319 0.060555
v 0.009900 -0.151319 0.048245
v 0.005720 -0.155499 0.060555
v 0.005720 -0.155499 0.048245
v -0.000000 -0.157029 0.060555
v -0.000000 -0.157029 0.048245
v -0.005720 -0.155499 0.060555
v -0.005720 -0.155499 0.048245
v -0.009900 -0.151319 0.060555
v -0.009900 -0.151319 0.048245
v -0.011430 -0.145609 0.060555
v -0.011430 -0.145609 0.048245
v -0.009900 -0.139889 0.060555
v -0.009900 -0.139889 0.048245
v -0.005720 -0.135709 0.060555
v -0.005720 -0.135709 0.048245
v -0.000000 -0.134179 0.060555
v -0.000000 -0.134179 0.048245
v -0.017060 -0.168009 0.048705
v -0.022410 -0.162659 0.012545
v -0.022410 -0.162659 0.048705
v -0.017060 -0.168009 0.012545
v -0.009750 -0.169969 0.048705
v -0.009750 -0.169969 0.012545
v 0.009750 -0.169969 0.012545
v 0.009750 -0.169969 0.048705
v 0.017060 -0.168009 0.048705
v 0.017060 -0.168009 0.012545
v 0.022410 -0.162659 0.048705
v 0.022410 -0.162659 0.012545
v 0.024360 -0.155349 0.048705
v 0.024360 -0.155359 0.012545
v 0.024360 -0.135859 0.012545
v 0.024360 -0.135859 0.048705
v 0.022410 -0.128549 0.048705
v 0.022410 -0.128549 0.012545
v 0.017060 -0.123199 0.048705
v 0.017060 -0.123199 0.012545
v 0.009750 -0.121239 0.048705
v 0.009750 -0.121239 0.012545
v -0.009750 -0.121239 0.012545
v -0.009750 -0.121239 0.048705
v -0.017060 -0.123199 0.048705
v -0.017060 -0.123199 0.012545
v -0.022410 -0.128549 0.048705
v -0.022410 -0.128549 0.012545
v -0.024360 -0.135859 0.048705
v -0.024360 -0.135859 0.012545
v -0.024360 -0.155359 0.012545
v -0.024360 -0.155349 0.048705
v -0.022410 -0.162659 0.048705
v -0.022410 -0.162659 0.012545
v 0.009750 -0.169969 0.012545
v -0.017060 -0.168009 0.012545
v -0.009750 -0.169969 0.012545
v -0.022410 -0.162659 0.012545
v -0.024360 -0.155359 0.012545
v -0.024360 -0.135859 0.012545
v -0.022410 -0.128549 0.012545
v -0.017060 -0.123199 0.012545
v -0.009750 -0.121239 0.012545
v 0.009750 -0.121239 0.012545
v 0.017060 -0.123199 0.012545
v 0.022410 -0.128549 0.012545
v 0.024360 -0.135859 0.012545
v 0.024360 -0.155359 0.012545
v 0.022410 -0.162659 0.012545
v 0.017060 -0.168009 0.012545
v 0.024360 -0.135859 0.048705
v 0.017060 -0.123199 0.048705
v 0.022410 -0.128549 0.048705
v 0.009750 -0.121239 0.048705
v -0.009750 -0.121239 0.048705
v -0.017060 -0.123199 0.048705
v -0.022410 -0.128549 0.048705
v -0.024360 -0.135859 0.048705
v -0.024360 -0.155349 0.048705
v -0.022410 -0.162659 0.048705
v -0.017060 -0.168009 0.048705
v -0.009750 -0.169969 0.048705
v 0.009750 -0.169969 0.048705
v 0.017060 -0.168009 0.048705
v 0.022410 -0.162659 0.048705
v 0.024360 -0.155349 0.048705
v 0.011430 -0.145609 0.060555
v 0.014680 -0.154079 0.060555
v 0.009900 -0.151319 0.060555
v 0.016950 -0.145609 0.060555
v 0.008480 -0.160289 0.060555
v 0.009900 -0.139889 0.060555
v 0.005720 -0.155499 0.060555
v 0.014680 -0.137129 0.060555
v -0.000000 -0.162559 0.060555
v 0.005720 -0.135709 0.060555
v -0.000000 -0.157029 0.060555
v 0.008480 -0.130929 0.060555
v -0.008480 -0.160289 0.060555
v -0.000000 -0.134179 0.060555
v -0.005720 -0.155499 0.060555
v -0.000000 -0.128659 0.060555
v -0.014680 -0.154079 0.060555
v -0.005720 -0.135709 0.060555
v -0.009900 -0.151319 0.060555
v -0.008480 -0.130929 0.060555
v -0.016950 -0.145609 0.060555
v -0.009900 -0.139889 0.060555
v -0.011430 -0.145609 0.060555
v -0.014680 -0.137129 0.060555
vt 0.51580 -0.73460
vt 0.53680 -0.74990
vt 0.51580 -0.74990
vt 0.53680 -0.73460
vt 0.51580 -0.71890
vt 0.53680 -0.71890
vt 0.51580 -0.70350
vt 0.53680 -0.70350
vt 0.51580 -0.68820
vt 0.53680 -0.68820
vt 0.51580 -0.67280
vt 0.53680 -0.67280
vt 0.51580 -0.65710
vt 0.53680 -0.65710
vt 0.51580 -0.64180
vt 0.53680 -0.64180
vt 0.51580 -0.62640
vt 0.53680 -0.62640
vt 0.51580 -0.61100
vt 0.53680 -0.61100
vt 0.51580 -0.59540
vt 0.53680 -0.59540
vt 0.51580 -0.58000
vt 0.53680 -0.58000
vt 0.51580 -0.56460
vt 0.53680 -0.56460
vt 0.90870 -0.09130
vt 0.91920 -0.06960
vt 0.91920 -0.09130
vt 0.90870 -0.06960
vt 0.89840 -0.09130
vt 0.89840 -0.06960
vt 0.88790 -0.09130
vt 0.88790 -0.06960
vt 0.87740 -0.09130
vt 0.87740 -0.06960
vt 0.86720 -0.09130
vt 0.86720 -0.06960
vt 0.85670 -0.09130
vt 0.85670 -0.06960
vt 0.84620 -0.09130
vt 0.84620 -0.06960
vt 0.83590 -0.09130
vt 0.83590 -0.06960
vt 0.82540 -0.09130
vt 0.82540 -0.06960
vt 0.81510 -0.09130
vt 0.81510 -0.06960
vt 0.80460 -0.09130
vt 0.80460 -0.06960
vt 0.79410 -0.09130
vt 0.79410 -0.06960
vt 0.91620 -0.97700
vt 0.96480 -0.99050
vt 0.91620 -0.99050
vt 0.96480 -0.97700
vt 0.91620 -0.96390
vt 0.96480 -0.96390
vt 0.96480 -0.92940
vt 0.91620 -0.92940
vt 0.91620 -0.91620
vt 0.96480 -0.91620
vt 0.91620 -0.90280
vt 0.96480 -0.90280
vt 0.91620 -0.88960
vt 0.96480 -0.88960
vt 0.96480 -0.85520
vt 0.91620 -0.85520
vt 0.91620 -0.84200
vt 0.96480 -0.84200
vt 0.91620 -0.82860
vt 0.96480 -0.82860
vt 0.91620 -0.81540
vt 0.96480 -0.81540
vt 0.96480 -0.78100
vt 0.91620 -0.78100
vt 0.91620 -0.76750
vt 0.96480 -0.76750
vt 0.91620 -0.75430
vt 0.96480 -0.75430
vt 0.91620 -0.74090
vt 0.96480 -0.74090
vt 0.96480 -0.70670
vt 0.91620 -0.70670
vt 0.91620 -0.69330
vt 0.96480 -0.69330
vt 0.89400 -0.68130
vt 0.94140 -0.67790
vt 0.92840 -0.68130
vt 0.95070 -0.66860
vt 0.95410 -0.65570
vt 0.95410 -0.62120
vt 0.95070 -0.60850
vt 0.94140 -0.59900
vt 0.92840 -0.59560
vt 0.89400 -0.59560
vt 0.88130 -0.59900
vt 0.87180 -0.60850
vt 0.86840 -0.62120
vt 0.86840 -0.65570
vt 0.87180 -0.66860
vt 0.88130 -0.67790
vt 0.09550 -0.29230
vt 0.08280 -0.27010
vt 0.09210 -0.27940
vt 0.06980 -0.26640
vt 0.03540 -0.26640
vt 0.02270 -0.27010
vt 0.01320 -0.27940
vt 0.00980 -0.29230
vt 0.00980 -0.32650
vt 0.01320 -0.33940
vt 0.02270 -0.34900
vt 0.03540 -0.35240
vt 0.06980 -0.35240
vt 0.08280 -0.34900
vt 0.09210 -0.33940
vt 0.09550 -0.32650
vt 0.47720 -0.07520
vt 0.48640 -0.08820
vt 0.47720 -0.08570
vt 0.48640 -0.07280
vt 0.47860 -0.10160
vt 0.47200 -0.06620
vt 0.47180 -0.09470
vt 0.47890 -0.05930
vt 0.46540 -0.10920
vt 0.46300 -0.06110
vt 0.46280 -0.09990
vt 0.46540 -0.05150
vt 0.44980 -0.10920
vt 0.45250 -0.06110
vt 0.45250 -0.09990
vt 0.45010 -0.05150
vt 0.43660 -0.10130
vt 0.44350 -0.06620
vt 0.44350 -0.09450
vt 0.43660 -0.05930
vt 0.42880 -0.08820
vt 0.43830 -0.07520
vt 0.43830 -0.08550
vt 0.42880 -0.07250
g vehicle#optic1_gun_7_0
usemtl da82c663-8715-4b2b-b635-64f3902b5610
f 1637/1637 1636/1636 1635/1635
f 1638/1638 1635/1635 1636/1636
f 1635/1635 1638/1638 1639/1639
f 1640/1640 1639/1639 1638/1638
f 1639/1639 1640/1640 1641/1641
f 1642/1642 1641/1641 1640/1640
f 1641/1641 1642/1642 1643/1643
f 1644/1644 1643/1643 1642/1642
f 1643/1643 1644/1644 1645/1645
f 1646/1646 1645/1645 1644/1644
f 1645/1645 1646/1646 1647/1647
f 1648/1648 1647/1647 1646/1646
f 1647/1647 1648/1648 1649/1649
f 1650/1650 1649/1649 1648/1648
f 1649/1649 1650/1650 1651/1651
f 1652/1652 1651/1651 1650/1650
f 1651/1651 1652/1652 1653/1653
f 1654/1654 1653/1653 1652/1652
f 1653/1653 1654/1654 1655/1655
f 1656/1656 1655/1655 1654/1654
f 1655/1655 1656/1656 1657/1657
f 1658/1658 1657/1657 1656/1656
f 1657/1657 1658/1658 1659/1659
f 1660/1660 1659/1659 1658/1658
f 1663/1663 1662/1662 1661/1661
f 1664/1664 1661/1661 1662/1662
f 1661/1661 1664/1664 1665/1665
f 1666/1666 1665/1665 1664/1664
f 1665/1665 1666/1666 1667/1667
f 1668/1668 1667/1667 1666/1666
f 1667/1667 1668/1668 1669/1669
f 1670/1670 1669/1669 1668/1668
f 1669/1669 1670/1670 1671/1671
f 1672/1672 1671/1671 1670/1670
f 1671/1671 1672/1672 1673/1673
f 1674/1674 1673/1673 1672/1672
f 1673/1673 1674/1674 1675/1675
f 1676/1676 1675/1675 1674/1674
f 1675/1675 1676/1676 1677/1677
f 1678/1678 1677/1677 1676/1676
f 1677/1677 1678/1678 1679/1679
f 1680/1680 1679/1679 1678/1678
f 1679/1679 1680/1680 1681/1681
f 1682/1682 1681/1681 1680/1680
f 1681/1681 1682/1682 1683/1683
f 1684/1684 1683/1683 1682/1682
f 1683/1683 1684/1684 1685/1685
f 1686/1686 1685/1685 1684/1684
f 1689/1689 1688/1688 1687/1687
f 1690/1690 1687/1687 1688/1688
f 1687/1687 1690/1690 1691/1691
f 1692/1692 1691/1691 1690/1690
f 1692/1692 1693/1693 1691/1691
f 1694/1694 1691/1691 1693/1693
f 1694/1694 1693/1693 1695/1695
f 1696/1696 1695/1695 1693/1693
f 1695/1695 1696/1696 1697/1697
f 1698/1698 1697/1697 1696/1696
f 1697/1697 1698/1698 1699/1699
f 1700/1700 1699/1699 1698/1698
f 1700/1700 1701/1701 1699/1699
f 1702/1702 1699/1699 1701/1701
f 1702/1702 1701/1701 1703/1703
f 1704/1704 1703/1703 1701/1701
f 1703/1703 1704/1704 1705/1705
f 1706/1706 1705/1705 1704/1704
f 1705/1705 1706/1706 1707/1707
f 1708/1708 1707/1707 1706/1706
f 1708/1708 1709/1709 1707/1707
f 1710/1710 1707/1707 1709/1709
f 1710/1710 1709/1709 1711/1711
f 1712/1712 1711/1711 1709/1709
f 1711/1711 1712/1712 1713/1713
f 1714/1714 1713/1713 1712/1712
f 1713/1713 1714/1714 1715/1715
f 1716/1716 1715/1715 1714/1714
f 1716/1716 1717/1717 1715/1715
f 1718/1718 1715/1715 1717/1717
f 1718/1718 1717/1717 1719/1719
f 1720/1720 1719/1719 1717/1717
f 1723/1723 1722/1722 1721/1721
f 1722/1722 1724/1724 1721/1721
f 1724/1724 1725/1725 1721/1721
f 1725/1725 1726/1726 1721/1721
f 1726/1726 1727/1727 1721/1721
f 1727/1727 1728/1728 1721/1721
f 1728/1728 1729/1729 1721/1721
f 1729/1729 1730/1730 1721/1721
f 1730/1730 1731/1731 1721/1721
f 1731/1731 1732/1732 1721/1721
f 1732/1732 1733/1733 1721/1721
f 1733/1733 1734/1734 1721/1721
f 1734/1734 1735/1735 1721/1721
f 1735/1735 1736/1736 1721/1721
f 1739/1739 1738/1738 1737/1737
f 1738/1738 1740/1740 1737/1737
f 1740/1740 1741/1741 1737/1737
f 1741/1741 1742/1742 1737/1737
f 1742/1742 1743/1743 1737/1737
f 1743/1743 1744/1744 1737/1737
f 1744/1744 1745/1745 1737/1737
f 1745/1745 1746/1746 1737/1737
f 1746/1746 1747/1747 1737/1737
f 1747/1747 1748/1748 1737/1737
f 1748/1748 1749/1749 1737/1737
f 1749/1749 1750/1750 1737/1737
f 1750/1750 1751/1751 1737/1737
f 1751/1751 1752/1752 1737/1737
f 1755/1755 1754/1754 1753/1753
f 1756/1756 1753/1753 1754/1754
f 1754/1754 1755/1755 1757/1757
f 1753/1753 1756/1756 1758/1758
f 1759/1759 1757/1757 1755/1755
f 1760/1760 1758/1758 1756/1756
f 1757/1757 1759/1759 1761/1761
f 1758/1758 1760/1760 1762/1762
f 1763/1763 1761/1761 1759/1759
f 1764/1764 1762/1762 1760/1760
f 1761/1761 1763/1763 1765/1765
f 1762/1762 1764/1764 1766/1766
f 1767/1767 1765/1765 1763/1763
f 1768/1768 1766/1766 1764/1764
f 1765/1765 1767/1767 1769/1769
f 1766/1766 1768/1768 1770/1770
f 1771/1771 1769/1769 1767/1767
f 1772/1772 1770/1770 1768/1768
f 1769/1769 1771/1771 1773/1773
f 1770/1770 1772/1772 1774/1774
f 1775/1775 1773/1773 1771/1771
f 1776/1776 1774/1774 1772/1772
f 1773/1773 1775/1775 1776/1776
f 1774/1774 1776/1776 1775/1775
o vehicle#gear_l_7
v 0.101830 -0.177113 -0.055780
v 0.097330 -0.178893 -0.074840
v 0.097330 -0.178893 -0.055780
v 0.101830 -0.177113 -0.074840
v 0.101830 -0.177113 0.055790
v 0.097330 -0.178893 0.074830
v 0.101830 -0.177113 0.074830
v 0.097330 -0.178893 0.055790
v 0.097330 -0.178893 -0.055780
v 0.095050 -0.173103 -0.074840
v 0.095050 -0.173103 -0.055780
v 0.097330 -0.178893 -0.074840
v 0.101830 -0.177113 -0.055780
v 0.095050 -0.173103 -0.055780
v 0.099550 -0.171333 -0.055780
v 0.097330 -0.178893 -0.055780
v 0.101830 -0.177113 -0.074840
v 0.099550 -0.171333 -0.055780
v 0.099550 -0.171333 -0.074840
v 0.101830 -0.177113 -0.055780
v 0.097330 -0.178893 -0.074840
v 0.099550 -0.171333 -0.074840
v 0.095050 -0.173103 -0.074840
v 0.101830 -0.177113 -0.074840
v 0.101830 -0.177113 0.074830
v 0.095050 -0.173103 0.074830
v 0.099550 -0.171333 0.074830
v 0.097330 -0.178893 0.074830
v 0.101830 -0.177113 0.055790
v 0.099550 -0.171333 0.074830
v 0.099550 -0.171333 0.055790
v 0.101830 -0.177113 0.074830
v 0.097330 -0.178893 0.055790
v 0.099550 -0.171333 0.055790
v 0.095050 -0.173103 0.055790
v 0.101830 -0.177113 0.055790
v 0.097330 -0.178893 0.074830
v 0.095050 -0.173103 0.055790
v 0.095050 -0.173103 0.074830
v 0.097330 -0.178893 0.055790
v 0.047050 -0.052023 -0.072320
v 0.097850 -0.164713 -0.072320
v 0.091770 -0.167123 -0.072320
v 0.052740 -0.048653 -0.072320
v 0.045500 -0.050373 -0.072380
v 0.048830 -0.044753 -0.072380
v 0.043220 -0.049563 -0.072410
v 0.044080 -0.043313 -0.072410
v 0.036420 -0.049763 -0.072420
v 0.036550 -0.043423 -0.072420
v 0.097850 -0.164713 -0.072320
v 0.091770 -0.167123 -0.055780
v 0.091770 -0.167123 -0.072320
v 0.097850 -0.164713 -0.055780
v 0.087710 -0.156833 -0.038570
v 0.093780 -0.154433 -0.038570
v 0.087120 -0.155323 -0.016030
v 0.093190 -0.152913 -0.016030
v 0.093190 -0.152913 0.016020
v 0.087120 -0.155323 0.016020
v 0.087710 -0.156833 0.038560
v 0.093780 -0.154433 0.038560
v 0.097850 -0.164713 0.055790
v 0.091770 -0.167123 0.055790
v 0.097850 -0.164713 0.072320
v 0.091770 -0.167123 0.072320
v 0.047050 -0.052023 0.079440
v 0.098640 -0.166733 0.079440
v 0.092570 -0.169133 0.079440
v 0.052740 -0.048653 0.079440
v 0.045500 -0.050373 0.079380
v 0.048830 -0.044753 0.079380
v 0.043220 -0.049563 0.079350
v 0.044080 -0.043313 0.079350
v 0.036420 -0.049763 0.079330
v 0.036550 -0.043423 0.079330
v 0.043220 -0.049563 -0.072410
v 0.036420 -0.049763 -0.079540
v 0.036420 -0.049763 -0.072420
v 0.043220 -0.049563 -0.079530
v 0.045500 -0.050373 -0.072380
v 0.045500 -0.050373 -0.079500
v 0.047050 -0.052023 -0.072320
v 0.047050 -0.052023 -0.079440
v 0.092570 -0.169133 -0.079440
v 0.091770 -0.167123 -0.072320
v 0.094260 -0.173413 -0.074840
v 0.094260 -0.173413 -0.055780
v 0.091770 -0.167123 -0.055780
v 0.090200 -0.163123 -0.038570
v 0.087710 -0.156833 -0.038570
v 0.087120 -0.155323 -0.016030
v 0.089600 -0.161613 -0.016030
v 0.087120 -0.155323 0.016020
v 0.089600 -0.161613 0.016020
v 0.090200 -0.163123 0.038560
v 0.087710 -0.156833 0.038560
v 0.091770 -0.167123 0.055790
v 0.094260 -0.173413 0.055790
v 0.091770 -0.167123 0.072320
v 0.094260 -0.173413 0.074830
v 0.092570 -0.169133 0.079440
v 0.047050 -0.052023 0.072320
v 0.047050 -0.052023 0.079440
v 0.045500 -0.050373 0.072260
v 0.045500 -0.050373 0.079380
v 0.043220 -0.049563 0.072220
v 0.043220 -0.049563 0.079350
v 0.036420 -0.049763 0.072210
v 0.036420 -0.049763 0.079330
v 0.043220 -0.049563 -0.079530
v 0.036550 -0.043423 -0.079540
v 0.036420 -0.049763 -0.079540
v 0.044080 -0.043313 -0.079530
v 0.045500 -0.050373 -0.079500
v 0.048830 -0.044753 -0.079500
v 0.047050 -0.052023 -0.079440
v 0.052740 -0.048653 -0.079440
v 0.098640 -0.166733 -0.079440
v 0.092570 -0.169133 -0.079440
v 0.044080 -0.043313 -0.079530
v 0.036550 -0.043423 -0.072420
v 0.036550 -0.043423 -0.079540
v 0.044080 -0.043313 -0.072410
v 0.048830 -0.044753 -0.079500
v 0.048830 -0.044753 -0.072380
v 0.052740 -0.048653 -0.079440
v 0.052740 -0.048653 -0.072320
v 0.097850 -0.164713 -0.072320
v 0.098640 -0.166733 -0.079440
v 0.100340 -0.171013 -0.074840
v 0.097850 -0.164713 -0.055780
v 0.100340 -0.171013 -0.055780
v 0.093780 -0.154433 -0.038570
v 0.096270 -0.160723 -0.038570
v 0.095670 -0.159213 -0.016030
v 0.093190 -0.152913 -0.016030
v 0.095670 -0.159213 0.016020
v 0.093190 -0.152913 0.016020
v 0.093780 -0.154433 0.038560
v 0.096270 -0.160723 0.038560
v 0.100340 -0.171013 0.055790
v 0.097850 -0.164713 0.055790
v 0.100340 -0.171013 0.074830
v 0.097850 -0.164713 0.072320
v 0.098640 -0.166733 0.079440
v 0.052740 -0.048653 0.079440
v 0.052740 -0.048653 0.072320
v 0.048830 -0.044753 0.079380
v 0.048830 -0.044753 0.072260
v 0.044080 -0.043313 0.079350
v 0.044080 -0.043313 0.072220
v 0.036550 -0.043423 0.079330
v 0.036550 -0.043423 0.072210
v 0.043220 -0.049563 0.072220
v 0.036550 -0.043423 0.072210
v 0.036420 -0.049763 0.072210
v 0.044080 -0.043313 0.072220
v 0.045500 -0.050373 0.072260
v 0.048830 -0.044753 0.072260
v 0.047050 -0.052023 0.072320
v 0.052740 -0.048653 0.072320
v 0.097850 -0.164713 0.072320
v 0.091770 -0.167123 0.072320
v 0.100340 -0.171013 0.074830
v 0.092570 -0.169133 0.079440
v 0.098640 -0.166733 0.079440
v 0.094260 -0.173413 0.074830
v 0.100340 -0.171013 0.055790
v 0.094260 -0.173413 0.055790
v 0.096270 -0.160723 0.038560
v 0.090200 -0.163123 0.038560
v 0.089600 -0.161613 0.016020
v 0.095670 -0.159213 0.016020
v 0.095670 -0.159213 -0.016030
v 0.089600 -0.161613 -0.016030
v 0.096270 -0.160723 -0.038570
v 0.090200 -0.163123 -0.038570
v 0.094260 -0.173413 -0.055780
v 0.100340 -0.171013 -0.055780
v 0.094260 -0.173413 -0.074840
v 0.100340 -0.171013 -0.074840
v 0.098640 -0.166733 -0.079440
v 0.092570 -0.169133 -0.079440
vt 0.23470 -0.51380
vt 0.20100 -0.50530
vt 0.23470 -0.50530
vt 0.20100 -0.51380
vt 0.20100 -0.51380
vt 0.23470 -0.50530
vt 0.23470 -0.51380
vt 0.20100 -0.50530
vt 0.04320 -0.46690
vt 0.00980 -0.45590
vt 0.04320 -0.45590
vt 0.00980 -0.46690
vt 0.01830 -0.99050
vt 0.00980 -0.97950
vt 0.01830 -0.97950
vt 0.00980 -0.99050
vt 0.74210 -0.50670
vt 0.73110 -0.54040
vt 0.73110 -0.50670
vt 0.74210 -0.54040
vt 0.01830 -0.99050
vt 0.00980 -0.97950
vt 0.01830 -0.97950
vt 0.00980 -0.99050
vt 0.01830 -0.99050
vt 0.00980 -0.97950
vt 0.01830 -0.97950
vt 0.00980 -0.99050
vt 0.74210 -0.50670
vt 0.73110 -0.54040
vt 0.73110 -0.50670
vt 0.74210 -0.54040
vt 0.01830 -0.99050
vt 0.00980 -0.97950
vt 0.01830 -0.97950
vt 0.00980 -0.99050
vt 0.04320 -0.46690
vt 0.00980 -0.45590
vt 0.04320 -0.45590
vt 0.00980 -0.46690
vt 0.20200 -0.15580
vt 0.41930 -0.14430
vt 0.41930 -0.15580
vt 0.20000 -0.14430
vt 0.19830 -0.15730
vt 0.19120 -0.14820
vt 0.19540 -0.16070
vt 0.18580 -0.15510
vt 0.19150 -0.17190
vt 0.18120 -0.16750
vt 0.25420 -0.50770
vt 0.26570 -0.53680
vt 0.26570 -0.50770
vt 0.25420 -0.53680
vt 0.26570 -0.57290
vt 0.25420 -0.57290
vt 0.26570 -0.61270
vt 0.25420 -0.61270
vt 0.25420 -0.67300
vt 0.26570 -0.67300
vt 0.26570 -0.71280
vt 0.25420 -0.71280
vt 0.25420 -0.74870
vt 0.26570 -0.74870
vt 0.25420 -0.77800
vt 0.26570 -0.77800
vt 0.97900 -0.68910
vt 0.99050 -0.91040
vt 0.97900 -0.91040
vt 0.99050 -0.68740
vt 0.97750 -0.68550
vt 0.98660 -0.67840
vt 0.97410 -0.68280
vt 0.97950 -0.67300
vt 0.96290 -0.67860
vt 0.96700 -0.66840
vt 0.29010 -0.54260
vt 0.27770 -0.53060
vt 0.29010 -0.53060
vt 0.27770 -0.54290
vt 0.29010 -0.54700
vt 0.27770 -0.54700
vt 0.29010 -0.55090
vt 0.27770 -0.55090
vt 0.27770 -0.77220
vt 0.29010 -0.76850
vt 0.28570 -0.78020
vt 0.31920 -0.78020
vt 0.31920 -0.76850
vt 0.34970 -0.76090
vt 0.34970 -0.74900
vt 0.38930 -0.74630
vt 0.38930 -0.75820
vt 0.44980 -0.74630
vt 0.44980 -0.75820
vt 0.48940 -0.76140
vt 0.48940 -0.74950
vt 0.51970 -0.76900
vt 0.51970 -0.78100
vt 0.54870 -0.76900
vt 0.55310 -0.78100
vt 0.56120 -0.77290
vt 0.54870 -0.55160
vt 0.56120 -0.55160
vt 0.54870 -0.54770
vt 0.56120 -0.54750
vt 0.54870 -0.54330
vt 0.56120 -0.54330
vt 0.54870 -0.53140
vt 0.56120 -0.53140
vt 0.97410 -0.68280
vt 0.96700 -0.66840
vt 0.96290 -0.67860
vt 0.97950 -0.67300
vt 0.97750 -0.68550
vt 0.98660 -0.67840
vt 0.97900 -0.68910
vt 0.99050 -0.68740
vt 0.99050 -0.91040
vt 0.97900 -0.91040
vt 0.57290 -0.52840
vt 0.58560 -0.51530
vt 0.57290 -0.51530
vt 0.58560 -0.52870
vt 0.57290 -0.53720
vt 0.58560 -0.53750
vt 0.57290 -0.54700
vt 0.58560 -0.54700
vt 0.58560 -0.76630
vt 0.57290 -0.77020
vt 0.58120 -0.77830
vt 0.61470 -0.76630
vt 0.61470 -0.77830
vt 0.64520 -0.74730
vt 0.64520 -0.75920
vt 0.68470 -0.75680
vt 0.68500 -0.74480
vt 0.74530 -0.75680
vt 0.74530 -0.74480
vt 0.78490 -0.74820
vt 0.78490 -0.76020
vt 0.81490 -0.78000
vt 0.81510 -0.76800
vt 0.84860 -0.78000
vt 0.84420 -0.76800
vt 0.85670 -0.77190
vt 0.85670 -0.54870
vt 0.84420 -0.54870
vt 0.85670 -0.53920
vt 0.84420 -0.53890
vt 0.85670 -0.53040
vt 0.84420 -0.53040
vt 0.85670 -0.51700
vt 0.84420 -0.51700
vt 0.19540 -0.16070
vt 0.18120 -0.16750
vt 0.19150 -0.17190
vt 0.18580 -0.15510
vt 0.19830 -0.15730
vt 0.19120 -0.14820
vt 0.20200 -0.15580
vt 0.20000 -0.14430
vt 0.41930 -0.14430
vt 0.41930 -0.15580
vt 0.97900 -0.13820
vt 0.99050 -0.12670
vt 0.97900 -0.12670
vt 0.99050 -0.13820
vt 0.97900 -0.17190
vt 0.99050 -0.17190
vt 0.97900 -0.20780
vt 0.99050 -0.20780
vt 0.99050 -0.24760
vt 0.97900 -0.24760
vt 0.97900 -0.30790
vt 0.99050 -0.30790
vt 0.97900 -0.34770
vt 0.99050 -0.34770
vt 0.99050 -0.38390
vt 0.97900 -0.38390
vt 0.99050 -0.41730
vt 0.97900 -0.41730
vt 0.97900 -0.42880
vt 0.99050 -0.42880
g vehicle#gear_l_8_0
usemtl da82c663-8715-4b2b-b635-64f3902b5610
f 1779/1779 1778/1778 1777/1777
f 1780/1780 1777/1777 1778/1778
f 1783/1783 1782/1782 1781/1781
f 1784/1784 1781/1781 1782/1782
f 1787/1787 1786/1786 1785/1785
f 1788/1788 1785/1785 1786/1786
f 1791/1791 1790/1790 1789/1789
f 1792/1792 1789/1789 1790/1790
f 1795/1795 1794/1794 1793/1793
f 1796/1796 1793/1793 1794/1794
f 1799/1799 1798/1798 1797/1797
f 1800/1800 1797/1797 1798/1798
f 1803/1803 1802/1802 1801/1801
f 1804/1804 1801/1801 1802/1802
f 1807/1807 1806/1806 1805/1805
f 1808/1808 1805/1805 1806/1806
f 1811/1811 1810/1810 1809/1809
f 1812/1812 1809/1809 1810/1810
f 1815/1815 1814/1814 1813/1813
f 1816/1816 1813/1813 1814/1814
f 1819/1819 1818/1818 1817/1817
f 1820/1820 1817/1817 1818/1818
f 1817/1817 1820/1820 1821/1821
f 1822/1822 1821/1821 1820/1820
f 1821/1821 1822/1822 1823/1823
f 1824/1824 1823/1823 1822/1822
f 1823/1823 1824/1824 1825/1825
f 1826/1826 1825/1825 1824/1824
f 1829/1829 1828/1828 1827/1827
f 1830/1830 1827/1827 1828/1828
f 1828/1828 1831/1831 1830/1830
f 1832/1832 1830/1830 1831/1831
f 1831/1831 1833/1833 1832/1832
f 1834/1834 1832/1832 1833/1833
f 1834/1834 1833/1833 1835/1835
f 1836/1836 1835/1835 1833/1833
f 1836/1836 1837/1837 1835/1835
f 1838/1838 1835/1835 1837/1837
f 1838/1838 1837/1837 1839/1839
f 1840/1840 1839/1839 1837/1837
f 1839/1839 1840/1840 1841/1841
f 1842/1842 1841/1841 1840/1840
f 1845/1845 1844/1844 1843/1843
f 1846/1846 1843/1843 1844/1844
f 1843/1843 1846/1846 1847/1847
f 1848/1848 1847/1847 1846/1846
f 1847/1847 1848/1848 1849/1849
f 1850/1850 1849/1849 1848/1848
f 1849/1849 1850/1850 1851/1851
f 1852/1852 1851/1851 1850/1850
f 1855/1855 1854/1854 1853/1853
f 1856/1856 1853/1853 1854/1854
f 1853/1853 1856/1856 1857/1857
f 1858/1858 1857/1857 1856/1856
f 1857/1857 1858/1858 1859/1859
f 1860/1860 1859/1859 1858/1858
f 1860/1860 1861/1861 1859/1859
f 1862/1862 1859/1859 1861/1861
f 1861/1861 1863/1863 1862/1862
f 1863/1863 1864/1864 1862/1862
f 1865/1865 1862/1862 1864/1864
f 1864/1864 1866/1866 1865/1865
f 1867/1867 1865/1865 1866/1866
f 1867/1867 1866/1866 1868/1868
f 1869/1869 1868/1868 1866/1866
f 1868/1868 1869/1869 1870/1870
f 1871/1871 1870/1870 1869/1869
f 1871/1871 1872/1872 1870/1870
f 1873/1873 1870/1870 1872/1872
f 1873/1873 1872/1872 1874/1874
f 1875/1875 1874/1874 1872/1872
f 1874/1874 1875/1875 1876/1876
f 1877/1877 1876/1876 1875/1875
f 1877/1877 1878/1878 1876/1876
f 1876/1876 1878/1878 1879/1879
f 1880/1880 1879/1879 1878/1878
f 1879/1879 1880/1880 1881/1881
f 1882/1882 1881/1881 1880/1880
f 1881/1881 1882/1882 1883/1883
f 1884/1884 1883/1883 1882/1882
f 1883/1883 1884/1884 1885/1885
f 1886/1886 1885/1885 1884/1884
f 1889/1889 1888/1888 1887/1887
f 1890/1890 1887/1887 1888/1888
f 1887/1887 1890/1890 1891/1891
f 1892/1892 1891/1891 1890/1890
f 1891/1891 1892/1892 1893/1893
f 1894/1894 1893/1893 1892/1892
f 1894/1894 1895/1895 1893/1893
f 1896/1896 1893/1893 1895/1895
f 1899/1899 1898/1898 1897/1897
f 1900/1900 1897/1897 1898/1898
f 1897/1897 1900/1900 1901/1901
f 1902/1902 1901/1901 1900/1900
f 1901/1901 1902/1902 1903/1903
f 1904/1904 1903/1903 1902/1902
f 1904/1904 1905/1905 1903/1903
f 1906/1906 1903/1903 1905/1905
f 1906/1906 1905/1905 1907/1907
f 1905/1905 1908/1908 1907/1907
f 1909/1909 1907/1907 1908/1908
f 1908/1908 1910/1910 1909/1909
f 1911/1911 1909/1909 1910/1910
f 1911/1911 1910/1910 1912/1912
f 1913/1913 1912/1912 1910/1910
f 1912/1912 1913/1913 1914/1914
f 1915/1915 1914/1914 1913/1913
f 1915/1915 1916/1916 1914/1914
f 1917/1917 1914/1914 1916/1916
f 1917/1917 1916/1916 1918/1918
f 1919/1919 1918/1918 1916/1916
f 1918/1918 1919/1919 1920/1920
f 1921/1921 1920/1920 1919/1919
f 1921/1921 1922/1922 1920/1920
f 1922/1922 1921/1921 1923/1923
f 1924/1924 1923/1923 1921/1921
f 1923/1923 1924/1924 1925/1925
f 1926/1926 1925/1925 1924/1924
f 1925/1925 1926/1926 1927/1927
f 1928/1928 1927/1927 1926/1926
f 1927/1927 1928/1928 1929/1929
f 1930/1930 1929/1929 1928/1928
f 1933/1933 1932/1932 1931/1931
f 1934/1934 1931/1931 1932/1932
f 1931/1931 1934/1934 1935/1935
f 1936/1936 1935/1935 1934/1934
f 1935/1935 1936/1936 1937/1937
f 1938/1938 1937/1937 1936/1936
f 1938/1938 1939/1939 1937/1937
f 1940/1940 1937/1937 1939/1939
f 1943/1943 1942/1942 1941/1941
f 1944/1944 1941/1941 1942/1942
f 1941/1941 1944/1944 1945/1945
f 1946/1946 1945/1945 1944/1944
f 1945/1945 1946/1946 1947/1947
f 1948/1948 1947/1947 1946/1946
f 1948/1948 1949/1949 1947/1947
f 1950/1950 1947/1947 1949/1949
f 1950/1950 1949/1949 1951/1951
f 1952/1952 1951/1951 1949/1949
f 1951/1951 1952/1952 1953/1953
f 1954/1954 1953/1953 1952/1952
f 1954/1954 1955/1955 1953/1953
f 1956/1956 1953/1953 1955/1955
f 1955/1955 1957/1957 1956/1956
f 1958/1958 1956/1956 1957/1957
f 1958/1958 1957/1957 1959/1959
f 1960/1960 1959/1959 1957/1957
o vehicle#gear_r_8
v -0.101830 -0.177113 -0.055780
v -0.097330 -0.178893 -0.074840
v -0.101830 -0.177113 -0.074840
v -0.097330 -0.178893 -0.055780
v -0.101830 -0.177113 0.055790
v -0.097330 -0.178893 0.074830
v -0.097330 -0.178893 0.055790
v -0.101830 -0.177113 0.074830
v -0.097330 -0.178893 -0.055780
v -0.095050 -0.173103 -0.074840
v -0.097330 -0.178893 -0.074840
v -0.095050 -0.173103 -0.055780
v -0.101830 -0.177113 -0.055780
v -0.095050 -0.173103 -0.055780
v -0.097330 -0.178893 -0.055780
v -0.099550 -0.171333 -0.055780
v -0.101830 -0.177113 -0.074840
v -0.099550 -0.171333 -0.055780
v -0.101830 -0.177113 -0.055780
v -0.099550 -0.171333 -0.074840
v -0.097330 -0.178893 -0.074840
v -0.099550 -0.171333 -0.074840
v -0.101830 -0.177113 -0.074840
v -0.095050 -0.173103 -0.074840
v -0.101830 -0.177113 0.074830
v -0.095050 -0.173103 0.074830
v -0.097330 -0.178893 0.074830
v -0.099550 -0.171333 0.074830
v -0.101830 -0.177113 0.055790
v -0.099550 -0.171333 0.074830
v -0.101830 -0.177113 0.074830
v -0.099550 -0.171333 0.055790
v -0.097330 -0.178893 0.055790
v -0.099550 -0.171333 0.055790
v -0.101830 -0.177113 0.055790
v -0.095050 -0.173103 0.055790
v -0.097330 -0.178893 0.074830
v -0.095050 -0.173103 0.055790
v -0.097330 -0.178893 0.055790
v -0.095050 -0.173103 0.074830
v -0.097850 -0.164713 -0.072320
v -0.047050 -0.052023 -0.072320
v -0.091770 -0.167123 -0.072320
v -0.052740 -0.048653 -0.072320
v -0.045500 -0.050373 -0.072380
v -0.048830 -0.044753 -0.072380
v -0.043220 -0.049563 -0.072410
v -0.044080 -0.043313 -0.072410
v -0.036400 -0.049763 -0.072420
v -0.036530 -0.043423 -0.072420
v -0.091770 -0.167123 -0.055780
v -0.097850 -0.164713 -0.072320
v -0.091770 -0.167123 -0.072320
v -0.097850 -0.164713 -0.055780
v -0.087710 -0.156833 -0.038570
v -0.093780 -0.154433 -0.038570
v -0.087120 -0.155323 -0.016030
v -0.093190 -0.152913 -0.016030
v -0.093190 -0.152913 0.016020
v -0.087120 -0.155323 0.016020
v -0.087710 -0.156833 0.038560
v -0.093780 -0.154433 0.038560
v -0.097850 -0.164713 0.055790
v -0.091770 -0.167123 0.055790
v -0.097850 -0.164713 0.072320
v -0.091770 -0.167123 0.072320
v -0.098640 -0.166733 0.079440
v -0.047050 -0.052023 0.079440
v -0.092570 -0.169133 0.079440
v -0.052740 -0.048653 0.079440
v -0.045500 -0.050373 0.079380
v -0.048830 -0.044753 0.079380
v -0.043220 -0.049563 0.079350
v -0.044080 -0.043313 0.079350
v -0.036400 -0.049763 0.079330
v -0.036530 -0.043423 0.079330
v -0.036400 -0.049763 -0.079540
v -0.043220 -0.049563 -0.072410
v -0.036400 -0.049763 -0.072420
v -0.043220 -0.049563 -0.079530
v -0.045500 -0.050373 -0.072380
v -0.045500 -0.050373 -0.079500
v -0.047050 -0.052023 -0.072320
v -0.047050 -0.052023 -0.079440
v -0.092570 -0.169133 -0.079440
v -0.091770 -0.167123 -0.072320
v -0.094260 -0.173413 -0.074840
v -0.094260 -0.173413 -0.055780
v -0.091770 -0.167123 -0.055780
v -0.090200 -0.163123 -0.038570
v -0.087710 -0.156833 -0.038570
v -0.087120 -0.155323 -0.016030
v -0.089600 -0.161613 -0.016030
v -0.087120 -0.155323 0.016020
v -0.089600 -0.161613 0.016020
v -0.090200 -0.163123 0.038560
v -0.087710 -0.156833 0.038560
v -0.091770 -0.167123 0.055790
v -0.094260 -0.173413 0.055790
v -0.091770 -0.167123 0.072320
v -0.094260 -0.173413 0.074830
v -0.092570 -0.169133 0.079440
v -0.047050 -0.052023 0.072320
v -0.047050 -0.052023 0.079440
v -0.045500 -0.050373 0.072260
v -0.045500 -0.050373 0.079380
v -0.043220 -0.049563 0.072220
v -0.043220 -0.049563 0.079350
v -0.036400 -0.049763 0.072210
v -0.036400 -0.049763 0.079330
v -0.036530 -0.043423 -0.079540
v -0.043220 -0.049563 -0.079530
v -0.036400 -0.049763 -0.079540
v -0.044080 -0.043313 -0.079530
v -0.045500 -0.050373 -0.079500
v -0.048830 -0.044753 -0.079500
v -0.047050 -0.052023 -0.079440
v -0.052740 -0.048653 -0.079440
v -0.098640 -0.166733 -0.079440
v -0.092570 -0.169133 -0.079440
v -0.036530 -0.043423 -0.072420
v -0.044080 -0.043313 -0.079530
v -0.036530 -0.043423 -0.079540
v -0.044080 -0.043313 -0.072410
v -0.048830 -0.044753 -0.079500
v -0.048830 -0.044753 -0.072380
v -0.052740 -0.048653 -0.079440
v -0.052740 -0.048653 -0.072320
v -0.097850 -0.164713 -0.072320
v -0.098640 -0.166733 -0.079440
v -0.100340 -0.171013 -0.074840
v -0.097850 -0.164713 -0.055780
v -0.100340 -0.171013 -0.055780
v -0.093780 -0.154433 -0.038570
v -0.096270 -0.160723 -0.038570
v -0.095670 -0.159213 -0.016030
v -0.093190 -0.152913 -0.016030
v -0.095670 -0.159213 0.016020
v -0.093190 -0.152913 0.016020
v -0.093780 -0.154433 0.038560
v -0.096270 -0.160723 0.038560
v -0.100340 -0.171013 0.055790
v -0.097850 -0.164713 0.055790
v -0.100340 -0.171013 0.074830
v -0.097850 -0.164713 0.072320
v -0.098640 -0.166733 0.079440
v -0.052740 -0.048653 0.079440
v -0.052740 -0.048653 0.072320
v -0.048830 -0.044753 0.079380
v -0.048830 -0.044753 0.072260
v -0.044080 -0.043313 0.079350
v -0.044080 -0.043313 0.072220
v -0.036530 -0.043423 0.079330
v -0.036530 -0.043423 0.072210
v -0.036530 -0.043423 0.072210
v -0.043220 -0.049563 0.072220
v -0.036400 -0.049763 0.072210
v -0.044080 -0.043313 0.072220
v -0.045500 -0.050373 0.072260
v -0.048830 -0.044753 0.072260
v -0.047050 -0.052023 0.072320
v -0.052740 -0.048653 0.072320
v -0.097850 -0.164713 0.072320
v -0.091770 -0.167123 0.072320
v -0.092570 -0.169133 0.079440
v -0.100340 -0.171013 0.074830
v -0.098640 -0.166733 0.079440
v -0.094260 -0.173413 0.074830
v -0.100340 -0.171013 0.055790
v -0.094260 -0.173413 0.055790
v -0.096270 -0.160723 0.038560
v -0.090200 -0.163123 0.038560
v -0.089600 -0.161613 0.016020
v -0.095670 -0.159213 0.016020
v -0.095670 -0.159213 -0.016030
v -0.089600 -0.161613 -0.016030
v -0.096270 -0.160723 -0.038570
v -0.090200 -0.163123 -0.038570
v -0.094260 -0.173413 -0.055780
v -0.100340 -0.171013 -0.055780
v -0.094260 -0.173413 -0.074840
v -0.100340 -0.171013 -0.074840
v -0.098640 -0.166733 -0.079440
v -0.092570 -0.169133 -0.079440
vt 0.23470 -0.50530
vt 0.20100 -0.51380
vt 0.20100 -0.50530
vt 0.23470 -0.51380
vt 0.20100 -0.50530
vt 0.23470 -0.51380
vt 0.20100 -0.51380
vt 0.23470 -0.50530
vt 0.00980 -0.46690
vt 0.04320 -0.45590
vt 0.04320 -0.46690
vt 0.00980 -0.45590
vt 0.00980 -0.99050
vt 0.01830 -0.97950
vt 0.01830 -0.99050
vt 0.00980 -0.97950
vt 0.74210 -0.54040
vt 0.73110 -0.50670
vt 0.74210 -0.50670
vt 0.73110 -0.54040
vt 0.00980 -0.99050
vt 0.01830 -0.97950
vt 0.01830 -0.99050
vt 0.00980 -0.97950
vt 0.00980 -0.99050
vt 0.01830 -0.97950
vt 0.01830 -0.99050
vt 0.00980 -0.97950
vt 0.74210 -0.54040
vt 0.73110 -0.50670
vt 0.74210 -0.50670
vt 0.73110 -0.54040
vt 0.00980 -0.99050
vt 0.01830 -0.97950
vt 0.01830 -0.99050
vt 0.00980 -0.97950
vt 0.00980 -0.46690
vt 0.04320 -0.45590
vt 0.04320 -0.46690
vt 0.00980 -0.45590
vt 0.41930 -0.14430
vt 0.20200 -0.15580
vt 0.41930 -0.15580
vt 0.20000 -0.14430
vt 0.19830 -0.15730
vt 0.19120 -0.14820
vt 0.19540 -0.16070
vt 0.18580 -0.15510
vt 0.19150 -0.17190
vt 0.18120 -0.16750
vt 0.26570 -0.53680
vt 0.25420 -0.50770
vt 0.26570 -0.50770
vt 0.25420 -0.53680
vt 0.26570 -0.57290
vt 0.25420 -0.57290
vt 0.26570 -0.61270
vt 0.25420 -0.61270
vt 0.25420 -0.67300
vt 0.26570 -0.67300
vt 0.26570 -0.71280
vt 0.25420 -0.71280
vt 0.25420 -0.74870
vt 0.26570 -0.74870
vt 0.25420 -0.77800
vt 0.26570 -0.77800
vt 0.99050 -0.91040
vt 0.97900 -0.68910
vt 0.97900 -0.91040
vt 0.99050 -0.68740
vt 0.97750 -0.68550
vt 0.98660 -0.67840
vt 0.97410 -0.68280
vt 0.97950 -0.67300
vt 0.96290 -0.67860
vt 0.96700 -0.66840
vt 0.56120 -0.53140
vt 0.54870 -0.54330
vt 0.54870 -0.53140
vt 0.56120 -0.54330
vt 0.54870 -0.54770
vt 0.56120 -0.54750
vt 0.54870 -0.55160
vt 0.56120 -0.55160
vt 0.56120 -0.77290
vt 0.54870 -0.76900
vt 0.55310 -0.78100
vt 0.51970 -0.78100
vt 0.51970 -0.76900
vt 0.48940 -0.76140
vt 0.48940 -0.74950
vt 0.44980 -0.74630
vt 0.44980 -0.75820
vt 0.38930 -0.74630
vt 0.38930 -0.75820
vt 0.34970 -0.76090
vt 0.34970 -0.74900
vt 0.31920 -0.76850
vt 0.31920 -0.78020
vt 0.29010 -0.76850
vt 0.28570 -0.78020
vt 0.27770 -0.77220
vt 0.29010 -0.55090
vt 0.27770 -0.55090
vt 0.29010 -0.54700
vt 0.27770 -0.54700
vt 0.29010 -0.54260
vt 0.27770 -0.54290
vt 0.29010 -0.53060
vt 0.27770 -0.53060
vt 0.96700 -0.66840
vt 0.97410 -0.68280
vt 0.96290 -0.67860
vt 0.97950 -0.67300
vt 0.97750 -0.68550
vt 0.98660 -0.67840
vt 0.97900 -0.68910
vt 0.99050 -0.68740
vt 0.99050 -0.91040
vt 0.97900 -0.91040
vt 0.58560 -0.51530
vt 0.57290 -0.52840
vt 0.57290 -0.51530
vt 0.58560 -0.52870
vt 0.57290 -0.53720
vt 0.58560 -0.53750
vt 0.57290 -0.54700
vt 0.58560 -0.54700
vt 0.58560 -0.76630
vt 0.57290 -0.77020
vt 0.58120 -0.77830
vt 0.61470 -0.76630
vt 0.61470 -0.77830
vt 0.64520 -0.74730
vt 0.64520 -0.75920
vt 0.68470 -0.75680
vt 0.68500 -0.74480
vt 0.74530 -0.75680
vt 0.74530 -0.74480
vt 0.78490 -0.74820
vt 0.78490 -0.76020
vt 0.81490 -0.78000
vt 0.81510 -0.76800
vt 0.84860 -0.78000
vt 0.84420 -0.76800
vt 0.85670 -0.77190
vt 0.85670 -0.54870
vt 0.84420 -0.54870
vt 0.85670 -0.53920
vt 0.84420 -0.53890
vt 0.85670 -0.53040
vt 0.84420 -0.53040
vt 0.85670 -0.51700
vt 0.84420 -0.51700
vt 0.18120 -0.16750
vt 0.19540 -0.16070
vt 0.19150 -0.17190
vt 0.18580 -0.15510
vt 0.19830 -0.15730
vt 0.19120 -0.14820
vt 0.20200 -0.15580
vt 0.20000 -0.14430
vt 0.41930 -0.14430
vt 0.41930 -0.15580
vt 0.99050 -0.12670
vt 0.97900 -0.13820
vt 0.97900 -0.12670
vt 0.99050 -0.13820
vt 0.97900 -0.17190
vt 0.99050 -0.17190
vt 0.97900 -0.20780
vt 0.99050 -0.20780
vt 0.99050 -0.24760
vt 0.97900 -0.24760
vt 0.97900 -0.30790
vt 0.99050 -0.30790
vt 0.97900 -0.34770
vt 0.99050 -0.34770
vt 0.99050 -0.38390
vt 0.97900 -0.38390
vt 0.99050 -0.41730
vt 0.97900 -0.41730
vt 0.97900 -0.42880
vt 0.99050 -0.42880
g vehicle#gear_r_9_0
usemtl da82c663-8715-4b2b-b635-64f3902b5610
f 1963/1963 1962/1962 1961/1961
f 1964/1964 1961/1961 1962/1962
f 1967/1967 1966/1966 1965/1965
f 1968/1968 1965/1965 1966/1966
f 1971/1971 1970/1970 1969/1969
f 1972/1972 1969/1969 1970/1970
f 1975/1975 1974/1974 1973/1973
f 1976/1976 1973/1973 1974/1974
f 1979/1979 1978/1978 1977/1977
f 1980/1980 1977/1977 1978/1978
f 1983/1983 1982/1982 1981/1981
f 1984/1984 1981/1981 1982/1982
f 1987/1987 1986/1986 1985/1985
f 1988/1988 1985/1985 1986/1986
f 1991/1991 1990/1990 1989/1989
f 1992/1992 1989/1989 1990/1990
f 1995/1995 1994/1994 1993/1993
f 1996/1996 1993/1993 1994/1994
f 1999/1999 1998/1998 1997/1997
f 2000/2000 1997/1997 1998/1998
f 2003/2003 2002/2002 2001/2001
f 2004/2004 2001/2001 2002/2002
f 2002/2002 2005/2005 2004/2004
f 2006/2006 2004/2004 2005/2005
f 2005/2005 2007/2007 2006/2006
f 2008/2008 2006/2006 2007/2007
f 2007/2007 2009/2009 2008/2008
f 2010/2010 2008/2008 2009/2009
f 2013/2013 2012/2012 2011/2011
f 2014/2014 2011/2011 2012/2012
f 2011/2011 2014/2014 2015/2015
f 2016/2016 2015/2015 2014/2014
f 2015/2015 2016/2016 2017/2017
f 2018/2018 2017/2017 2016/2016
f 2018/2018 2019/2019 2017/2017
f 2020/2020 2017/2017 2019/2019
f 2020/2020 2019/2019 2021/2021
f 2022/2022 2021/2021 2019/2019
f 2022/2022 2023/2023 2021/2021
f 2024/2024 2021/2021 2023/2023
f 2023/2023 2025/2025 2024/2024
f 2026/2026 2024/2024 2025/2025
f 2029/2029 2028/2028 2027/2027
f 2030/2030 2027/2027 2028/2028
f 2028/2028 2031/2031 2030/2030
f 2032/2032 2030/2030 2031/2031
f 2031/2031 2033/2033 2032/2032
f 2034/2034 2032/2032 2033/2033
f 2033/2033 2035/2035 2034/2034
f 2036/2036 2034/2034 2035/2035
f 2039/2039 2038/2038 2037/2037
f 2040/2040 2037/2037 2038/2038
f 2038/2038 2041/2041 2040/2040
f 2042/2042 2040/2040 2041/2041
f 2041/2041 2043/2043 2042/2042
f 2044/2044 2042/2042 2043/2043
f 2044/2044 2043/2043 2045/2045
f 2046/2046 2045/2045 2043/2043
f 2047/2047 2045/2045 2046/2046
f 2047/2047 2046/2046 2048/2048
f 2049/2049 2048/2048 2046/2046
f 2048/2048 2049/2049 2050/2050
f 2051/2051 2050/2050 2049/2049
f 2051/2051 2052/2052 2050/2050
f 2053/2053 2050/2050 2052/2052
f 2052/2052 2054/2054 2053/2053
f 2055/2055 2053/2053 2054/2054
f 2055/2055 2054/2054 2056/2056
f 2057/2057 2056/2056 2054/2054
f 2057/2057 2058/2058 2056/2056
f 2059/2059 2056/2056 2058/2058
f 2058/2058 2060/2060 2059/2059
f 2061/2061 2059/2059 2060/2060
f 2062/2062 2061/2061 2060/2060
f 2060/2060 2063/2063 2062/2062
f 2064/2064 2062/2062 2063/2063
f 2063/2063 2065/2065 2064/2064
f 2066/2066 2064/2064 2065/2065
f 2065/2065 2067/2067 2066/2066
f 2068/2068 2066/2066 2067/2067
f 2067/2067 2069/2069 2068/2068
f 2070/2070 2068/2068 2069/2069
f 2073/2073 2072/2072 2071/2071
f 2074/2074 2071/2071 2072/2072
f 2072/2072 2075/2075 2074/2074
f 2076/2076 2074/2074 2075/2075
f 2075/2075 2077/2077 2076/2076
f 2078/2078 2076/2076 2077/2077
f 2078/2078 2077/2077 2079/2079
f 2080/2080 2079/2079 2077/2077
f 2083/2083 2082/2082 2081/2081
f 2084/2084 2081/2081 2082/2082
f 2082/2082 2085/2085 2084/2084
f 2086/2086 2084/2084 2085/2085
f 2085/2085 2087/2087 2086/2086
f 2088/2088 2086/2086 2087/2087
f 2088/2088 2087/2087 2089/2089
f 2090/2090 2089/2089 2087/2087
f 2089/2089 2090/2090 2091/2091
f 2089/2089 2091/2091 2092/2092
f 2093/2093 2092/2092 2091/2091
f 2092/2092 2093/2093 2094/2094
f 2095/2095 2094/2094 2093/2093
f 2095/2095 2096/2096 2094/2094
f 2097/2097 2094/2094 2096/2096
f 2096/2096 2098/2098 2097/2097
f 2099/2099 2097/2097 2098/2098
f 2099/2099 2098/2098 2100/2100
f 2101/2101 2100/2100 2098/2098
f 2101/2101 2102/2102 2100/2100
f 2103/2103 2100/2100 2102/2102
f 2102/2102 2104/2104 2103/2103
f 2105/2105 2103/2103 2104/2104
f 2106/2106 2105/2105 2104/2104
f 2106/2106 2107/2107 2105/2105
f 2108/2108 2105/2105 2107/2107
f 2107/2107 2109/2109 2108/2108
f 2110/2110 2108/2108 2109/2109
f 2109/2109 2111/2111 2110/2110
f 2112/2112 2110/2110 2111/2111
f 2111/2111 2113/2113 2112/2112
f 2114/2114 2112/2112 2113/2113
f 2117/2117 2116/2116 2115/2115
f 2118/2118 2115/2115 2116/2116
f 2116/2116 2119/2119 2118/2118
f 2120/2120 2118/2118 2119/2119
f 2119/2119 2121/2121 2120/2120
f 2122/2122 2120/2120 2121/2121
f 2122/2122 2121/2121 2123/2123
f 2124/2124 2123/2123 2121/2121
f 2127/2127 2126/2126 2125/2125
f 2128/2128 2125/2125 2126/2126
f 2126/2126 2129/2129 2128/2128
f 2130/2130 2128/2128 2129/2129
f 2129/2129 2131/2131 2130/2130
f 2132/2132 2130/2130 2131/2131
f 2132/2132 2131/2131 2133/2133
f 2134/2134 2133/2133 2131/2131
f 2134/2134 2135/2135 2133/2133
f 2136/2136 2133/2133 2135/2135
f 2135/2135 2137/2137 2136/2136
f 2138/2138 2136/2136 2137/2137
f 2138/2138 2137/2137 2139/2139
f 2140/2140 2139/2139 2137/2137
f 2139/2139 2140/2140 2141/2141
f 2142/2142 2141/2141 2140/2140
f 2142/2142 2143/2143 2141/2141
f 2144/2144 2141/2141 2143/2143
o vehicle#prop01_2_9
v -0.254189 -0.007681 -0.034938
v -0.259059 -0.011701 -0.159548
v -0.259059 -0.009341 -0.159578
v -0.254189 -0.010031 -0.034918
v -0.242079 -0.012141 -0.045588
v -0.230159 -0.018371 -0.165558
v -0.230159 -0.020731 -0.165518
v -0.242079 -0.009791 -0.045628
v -0.248239 -0.011281 -0.182458
v -0.259059 -0.011701 -0.159548
v -0.248239 -0.013631 -0.182438
v -0.259059 -0.009341 -0.159578
v -0.234619 -0.018691 -0.182428
v -0.230159 -0.018371 -0.165558
v -0.234619 -0.016341 -0.182458
v -0.230159 -0.020731 -0.165518
v -0.229809 -0.011871 -0.348458
v -0.224949 -0.012551 -0.223798
v -0.224949 -0.010201 -0.223838
v -0.229809 -0.014221 -0.348438
v -0.241919 -0.016051 -0.337708
v -0.253849 -0.019071 -0.217618
v -0.253849 -0.021421 -0.217588
v -0.241919 -0.013701 -0.337738
v -0.235769 -0.011531 -0.200898
v -0.224949 -0.012551 -0.223798
v -0.235769 -0.013881 -0.200868
v -0.224949 -0.010201 -0.223838
v -0.249389 -0.018941 -0.200738
v -0.253849 -0.019071 -0.217618
v -0.249389 -0.016581 -0.200778
v -0.253849 -0.021421 -0.217588
v -0.254359 -0.021371 -0.187908
v -0.251329 -0.009721 -0.200588
v -0.254359 -0.009551 -0.188068
v -0.251329 -0.021531 -0.200428
v -0.238979 -0.009771 -0.204228
v -0.238979 -0.021581 -0.204068
v -0.229649 -0.009651 -0.195348
v -0.229649 -0.021461 -0.195198
v -0.232669 -0.009481 -0.182828
v -0.232669 -0.021301 -0.182668
v -0.245029 -0.009441 -0.179188
v -0.245029 -0.021251 -0.179028
v -0.254359 -0.009551 -0.188068
v -0.254359 -0.021371 -0.187908
v -0.242079 -0.012141 -0.045588
v -0.248339 -0.007701 -0.036798
v -0.242079 -0.009791 -0.045628
v -0.248339 -0.010051 -0.036768
v -0.254189 -0.007681 -0.034938
v -0.254189 -0.010031 -0.034918
v -0.252929 -0.009901 -0.211268
v -0.261339 -0.004851 -0.203038
v -0.261339 -0.009791 -0.202978
v -0.252929 -0.004961 -0.211338
v -0.241509 -0.009941 -0.214248
v -0.241509 -0.005001 -0.214318
v -0.230129 -0.009891 -0.211118
v -0.230129 -0.004961 -0.211188
v -0.221829 -0.009781 -0.202718
v -0.221829 -0.004851 -0.202778
v -0.218849 -0.009641 -0.191288
v -0.218849 -0.004701 -0.191358
v -0.221979 -0.009491 -0.179908
v -0.221979 -0.004551 -0.179968
v -0.230389 -0.009381 -0.171618
v -0.230389 -0.004441 -0.171678
v -0.241809 -0.009341 -0.168638
v -0.241809 -0.004401 -0.168698
v -0.253189 -0.009381 -0.171758
v -0.253189 -0.004441 -0.171828
v -0.261489 -0.009491 -0.180168
v -0.261489 -0.004561 -0.180238
v -0.264469 -0.009641 -0.191598
v -0.264469 -0.004711 -0.191658
v -0.261339 -0.009791 -0.202978
v -0.261339 -0.004851 -0.203038
v -0.235669 -0.011851 -0.346618
v -0.229809 -0.014221 -0.348438
v -0.229809 -0.011871 -0.348458
v -0.235669 -0.014201 -0.346578
v -0.241919 -0.016051 -0.337708
v -0.241919 -0.013701 -0.337738
v -0.259059 -0.009341 -0.159578
v -0.248339 -0.007701 -0.036798
v -0.254189 -0.007681 -0.034938
v -0.245209 -0.009381 -0.162248
v -0.242079 -0.009791 -0.045628
v -0.230159 -0.018371 -0.165558
v -0.245039 -0.009611 -0.179448
v -0.248239 -0.011281 -0.182458
v -0.234619 -0.016341 -0.182458
v -0.230159 -0.020731 -0.165518
v -0.234619 -0.018691 -0.182428
v -0.245039 -0.011961 -0.179418
v -0.248239 -0.013631 -0.182438
v -0.259059 -0.011701 -0.159548
v -0.245209 -0.011731 -0.162218
v -0.242079 -0.012141 -0.045588
v -0.254189 -0.010031 -0.034918
v -0.248339 -0.010051 -0.036768
v -0.224949 -0.010201 -0.223838
v -0.235669 -0.011851 -0.346618
v -0.229809 -0.011871 -0.348458
v -0.238799 -0.010171 -0.221158
v -0.241919 -0.013701 -0.337738
v -0.253849 -0.019071 -0.217618
v -0.238969 -0.009941 -0.203958
v -0.235769 -0.011531 -0.200898
v -0.249389 -0.016581 -0.200778
v -0.253849 -0.021421 -0.217588
v -0.249389 -0.018941 -0.200738
v -0.238969 -0.012291 -0.203928
v -0.235769 -0.013881 -0.200868
v -0.224949 -0.012551 -0.223798
v -0.238799 -0.012521 -0.221128
v -0.241919 -0.016051 -0.337708
v -0.229809 -0.014221 -0.348438
v -0.235669 -0.014201 -0.346578
v -0.261339 -0.009791 -0.202978
v -0.241509 -0.009941 -0.214248
v -0.252929 -0.009901 -0.211268
v -0.230129 -0.009891 -0.211118
v -0.221829 -0.009781 -0.202718
v -0.218849 -0.009641 -0.191288
v -0.221979 -0.009491 -0.179908
v -0.230389 -0.009381 -0.171618
v -0.241809 -0.009341 -0.168638
v -0.253189 -0.009381 -0.171758
v -0.261489 -0.009491 -0.180168
v -0.264469 -0.009641 -0.191598
v -0.258389 -0.000081 -0.196168
v -0.264469 -0.004711 -0.191658
v -0.261339 -0.004851 -0.203038
v -0.261489 -0.004561 -0.180238
v -0.254009 0.000139 -0.179388
v -0.253189 -0.004441 -0.171828
v -0.241809 -0.004401 -0.168698
v -0.246039 -0.000241 -0.208358
v -0.252929 -0.004961 -0.211338
v -0.241509 -0.005001 -0.214318
v -0.237279 0.000199 -0.174778
v -0.230389 -0.004441 -0.171678
v -0.221979 -0.004551 -0.179968
v -0.224929 0.000039 -0.186958
v -0.218849 -0.004701 -0.191358
v -0.221829 -0.004851 -0.202778
v -0.229309 -0.000181 -0.203758
v -0.230129 -0.004961 -0.211188
vt 0.87300 -0.03000
vt 0.65350 -0.03420
vt 0.65350 -0.03000
vt 0.87300 -0.03420
vt 0.65350 -0.01830
vt 0.86620 -0.01420
vt 0.86620 -0.01830
vt 0.65350 -0.01420
vt 0.39540 -0.98580
vt 0.44000 -0.99000
vt 0.39540 -0.99000
vt 0.44000 -0.98580
vt 0.85670 -0.79730
vt 0.82560 -0.79340
vt 0.85670 -0.79340
vt 0.82560 -0.79730
vt 0.87300 -0.03000
vt 0.65350 -0.03420
vt 0.65350 -0.03000
vt 0.87300 -0.03420
vt 0.65350 -0.01830
vt 0.86620 -0.01420
vt 0.86620 -0.01830
vt 0.65350 -0.01420
vt 0.39540 -0.98580
vt 0.44000 -0.99000
vt 0.39540 -0.99000
vt 0.44000 -0.98580
vt 0.85670 -0.79730
vt 0.82560 -0.79340
vt 0.85670 -0.79340
vt 0.82560 -0.79730
vt 0.96580 -0.65490
vt 0.98680 -0.63220
vt 0.98680 -0.65490
vt 0.96580 -0.63220
vt 0.98680 -0.60950
vt 0.96580 -0.60950
vt 0.98680 -0.58680
vt 0.96580 -0.58680
vt 0.98680 -0.56410
vt 0.96580 -0.56410
vt 0.98680 -0.54140
vt 0.96580 -0.54140
vt 0.98680 -0.51890
vt 0.96580 -0.51890
vt 0.37610 -0.78390
vt 0.35650 -0.77970
vt 0.37610 -0.77970
vt 0.35650 -0.78390
vt 0.34580 -0.77970
vt 0.34580 -0.78390
vt 0.89740 -0.05470
vt 0.91840 -0.04620
vt 0.91840 -0.05470
vt 0.89740 -0.04620
vt 0.87670 -0.05470
vt 0.87670 -0.04620
vt 0.85590 -0.05470
vt 0.85590 -0.04620
vt 0.83520 -0.05470
vt 0.83520 -0.04620
vt 0.81440 -0.05470
vt 0.81440 -0.04620
vt 0.79370 -0.05470
vt 0.79370 -0.04620
vt 0.77290 -0.05470
vt 0.77290 -0.04620
vt 0.75190 -0.05470
vt 0.75190 -0.04620
vt 0.73110 -0.05470
vt 0.73110 -0.04620
vt 0.71040 -0.05470
vt 0.71040 -0.04620
vt 0.68960 -0.05470
vt 0.68960 -0.04620
vt 0.66890 -0.05470
vt 0.66890 -0.04620
vt 0.35650 -0.77970
vt 0.34580 -0.78390
vt 0.34580 -0.77970
vt 0.35650 -0.78390
vt 0.37610 -0.78390
vt 0.37610 -0.77970
vt 0.41220 -0.25710
vt 0.19540 -0.24660
vt 0.19270 -0.25710
vt 0.41590 -0.23250
vt 0.21050 -0.23440
vt 0.42080 -0.20150
vt 0.44620 -0.23100
vt 0.45200 -0.23690
vt 0.45080 -0.20900
vt 0.22390 -0.22340
vt 0.19390 -0.21590
vt 0.19850 -0.19390
vt 0.19270 -0.18800
vt 0.23250 -0.16800
vt 0.22880 -0.19240
vt 0.43420 -0.19050
vt 0.45200 -0.16800
vt 0.44930 -0.17830
vt 0.23250 -0.26470
vt 0.44930 -0.27520
vt 0.45200 -0.26470
vt 0.22880 -0.28940
vt 0.43420 -0.28740
vt 0.22390 -0.32040
vt 0.19850 -0.29080
vt 0.19270 -0.28500
vt 0.19390 -0.31280
vt 0.22390 -0.22340
vt 0.19390 -0.21590
vt 0.19850 -0.19390
vt 0.19270 -0.18800
vt 0.23250 -0.16800
vt 0.22880 -0.19240
vt 0.43420 -0.19050
vt 0.45200 -0.16800
vt 0.44930 -0.17830
vt 0.07690 -0.18750
vt 0.03830 -0.17730
vt 0.05910 -0.17730
vt 0.02030 -0.18750
vt 0.00980 -0.20560
vt 0.00980 -0.22640
vt 0.02000 -0.24440
vt 0.03810 -0.25470
vt 0.05890 -0.25470
vt 0.07690 -0.24440
vt 0.08740 -0.22640
vt 0.08740 -0.20560
vt 0.11180 -0.14260
vt 0.09720 -0.13870
vt 0.11600 -0.12800
vt 0.08600 -0.15780
vt 0.09670 -0.16870
vt 0.08600 -0.17970
vt 0.09690 -0.19880
vt 0.14210 -0.14290
vt 0.13800 -0.12800
vt 0.15700 -0.13890
vt 0.11180 -0.19490
vt 0.11580 -0.20980
vt 0.13800 -0.20980
vt 0.14190 -0.19490
vt 0.15680 -0.19880
vt 0.16780 -0.17970
vt 0.15700 -0.16900
vt 0.16800 -0.15800
g vehicle#prop01_2_10_0
usemtl da82c663-8715-4b2b-b635-64f3902b5610
f 2147/2147 2146/2146 2145/2145
f 2148/2148 2145/2145 2146/2146
f 2151/2151 2150/2150 2149/2149
f 2152/2152 2149/2149 2150/2150
f 2155/2155 2154/2154 2153/2153
f 2156/2156 2153/2153 2154/2154
f 2159/2159 2158/2158 2157/2157
f 2160/2160 2157/2157 2158/2158
f 2163/2163 2162/2162 2161/2161
f 2164/2164 2161/2161 2162/2162
f 2167/2167 2166/2166 2165/2165
f 2168/2168 2165/2165 2166/2166
f 2171/2171 2170/2170 2169/2169
f 2172/2172 2169/2169 2170/2170
f 2175/2175 2174/2174 2173/2173
f 2176/2176 2173/2173 2174/2174
f 2179/2179 2178/2178 2177/2177
f 2180/2180 2177/2177 2178/2178
f 2178/2178 2181/2181 2180/2180
f 2182/2182 2180/2180 2181/2181
f 2181/2181 2183/2183 2182/2182
f 2184/2184 2182/2182 2183/2183
f 2183/2183 2185/2185 2184/2184
f 2186/2186 2184/2184 2185/2185
f 2185/2185 2187/2187 2186/2186
f 2188/2188 2186/2186 2187/2187
f 2187/2187 2189/2189 2188/2188
f 2190/2190 2188/2188 2189/2189
f 2193/2193 2192/2192 2191/2191
f 2194/2194 2191/2191 2192/2192
f 2192/2192 2195/2195 2194/2194
f 2196/2196 2194/2194 2195/2195
f 2199/2199 2198/2198 2197/2197
f 2200/2200 2197/2197 2198/2198
f 2197/2197 2200/2200 2201/2201
f 2202/2202 2201/2201 2200/2200
f 2201/2201 2202/2202 2203/2203
f 2204/2204 2203/2203 2202/2202
f 2203/2203 2204/2204 2205/2205
f 2206/2206 2205/2205 2204/2204
f 2205/2205 2206/2206 2207/2207
f 2208/2208 2207/2207 2206/2206
f 2207/2207 2208/2208 2209/2209
f 2210/2210 2209/2209 2208/2208
f 2209/2209 2210/2210 2211/2211
f 2212/2212 2211/2211 2210/2210
f 2211/2211 2212/2212 2213/2213
f 2214/2214 2213/2213 2212/2212
f 2213/2213 2214/2214 2215/2215
f 2216/2216 2215/2215 2214/2214
f 2215/2215 2216/2216 2217/2217
f 2218/2218 2217/2217 2216/2216
f 2217/2217 2218/2218 2219/2219
f 2220/2220 2219/2219 2218/2218
f 2219/2219 2220/2220 2221/2221
f 2222/2222 2221/2221 2220/2220
f 2225/2225 2224/2224 2223/2223
f 2226/2226 2223/2223 2224/2224
f 2226/2226 2227/2227 2223/2223
f 2228/2228 2223/2223 2227/2227
f 2231/2231 2230/2230 2229/2229
f 2232/2232 2229/2229 2230/2230
f 2230/2230 2233/2233 2232/2232
f 2233/2233 2234/2234 2232/2232
f 2232/2232 2235/2235 2229/2229
f 2234/2234 2235/2235 2232/2232
f 2235/2235 2236/2236 2229/2229
f 2234/2234 2237/2237 2235/2235
f 2240/2240 2239/2239 2238/2238
f 2242/2242 2241/2241 2240/2240
f 2242/2242 2240/2240 2243/2243
f 2243/2243 2240/2240 2238/2238
f 2243/2243 2238/2238 2244/2244
f 2242/2242 2243/2243 2245/2245
f 2246/2246 2245/2245 2243/2243
f 2243/2243 2244/2244 2246/2246
f 2249/2249 2248/2248 2247/2247
f 2250/2250 2247/2247 2248/2248
f 2248/2248 2251/2251 2250/2250
f 2251/2251 2252/2252 2250/2250
f 2250/2250 2253/2253 2247/2247
f 2252/2252 2253/2253 2250/2250
f 2253/2253 2254/2254 2247/2247
f 2252/2252 2255/2255 2253/2253
f 2258/2258 2257/2257 2256/2256
f 2260/2260 2259/2259 2258/2258
f 2260/2260 2258/2258 2261/2261
f 2261/2261 2258/2258 2256/2256
f 2261/2261 2256/2256 2262/2262
f 2260/2260 2261/2261 2263/2263
f 2264/2264 2263/2263 2261/2261
f 2261/2261 2262/2262 2264/2264
f 2267/2267 2266/2266 2265/2265
f 2266/2266 2268/2268 2265/2265
f 2268/2268 2269/2269 2265/2265
f 2269/2269 2270/2270 2265/2265
f 2270/2270 2271/2271 2265/2265
f 2271/2271 2272/2272 2265/2265
f 2272/2272 2273/2273 2265/2265
f 2273/2273 2274/2274 2265/2265
f 2274/2274 2275/2275 2265/2265
f 2275/2275 2276/2276 2265/2265
f 2279/2279 2278/2278 2277/2277
f 2278/2278 2280/2280 2277/2277
f 2281/2281 2277/2277 2280/2280
f 2280/2280 2282/2282 2281/2281
f 2282/2282 2283/2283 2281/2281
f 2277/2277 2284/2284 2279/2279
f 2277/2277 2281/2281 2284/2284
f 2285/2285 2279/2279 2284/2284
f 2284/2284 2286/2286 2285/2285
f 2287/2287 2281/2281 2283/2283
f 2281/2281 2287/2287 2284/2284
f 2283/2283 2288/2288 2287/2287
f 2288/2288 2289/2289 2287/2287
f 2290/2290 2287/2287 2289/2289
f 2287/2287 2290/2290 2284/2284
f 2289/2289 2291/2291 2290/2290
f 2291/2291 2292/2292 2290/2290
f 2290/2290 2293/2293 2284/2284
f 2293/2293 2290/2290 2292/2292
f 2284/2284 2293/2293 2286/2286
f 2294/2294 2286/2286 2293/2293
f 2292/2292 2294/2294 2293/2293
o vehicle#prop01_4_10
v 0.230159 -0.007681 -0.034938
v 0.225299 -0.011701 -0.159548
v 0.225299 -0.009341 -0.159578
v 0.230159 -0.010031 -0.034918
v 0.242269 -0.012141 -0.045588
v 0.254189 -0.018371 -0.165558
v 0.254189 -0.020731 -0.165518
v 0.242269 -0.009791 -0.045628
v 0.236119 -0.011281 -0.182458
v 0.225299 -0.011701 -0.159548
v 0.236119 -0.013631 -0.182438
v 0.225299 -0.009341 -0.159578
v 0.249739 -0.018691 -0.182428
v 0.254189 -0.018371 -0.165558
v 0.249739 -0.016341 -0.182458
v 0.254189 -0.020731 -0.165518
v 0.254539 -0.011871 -0.348458
v 0.259399 -0.012551 -0.223798
v 0.259399 -0.010201 -0.223838
v 0.254539 -0.014221 -0.348438
v 0.242429 -0.016051 -0.337708
v 0.230499 -0.019071 -0.217618
v 0.230499 -0.021421 -0.217588
v 0.242429 -0.013701 -0.337738
v 0.248579 -0.011531 -0.200898
v 0.259399 -0.012551 -0.223798
v 0.248579 -0.013881 -0.200868
v 0.259399 -0.010201 -0.223838
v 0.234959 -0.018941 -0.200738
v 0.230499 -0.019071 -0.217618
v 0.234959 -0.016581 -0.200778
v 0.230499 -0.021421 -0.217588
v 0.229989 -0.021371 -0.187908
v 0.233019 -0.009721 -0.200588
v 0.229989 -0.009551 -0.188068
v 0.233019 -0.021531 -0.200428
v 0.245369 -0.009771 -0.204228
v 0.245369 -0.021581 -0.204068
v 0.254709 -0.009651 -0.195348
v 0.254709 -0.021461 -0.195198
v 0.251689 -0.009481 -0.182828
v 0.251689 -0.021301 -0.182668
v 0.239319 -0.009441 -0.179188
v 0.239319 -0.021251 -0.179028
v 0.229989 -0.009551 -0.188068
v 0.229989 -0.021371 -0.187908
v 0.242269 -0.012141 -0.045588
v 0.236019 -0.007701 -0.036798
v 0.242269 -0.009791 -0.045628
v 0.236019 -0.010051 -0.036768
v 0.230159 -0.007681 -0.034938
v 0.230159 -0.010031 -0.034918
v 0.218849 -0.004701 -0.191358
v 0.221979 -0.009491 -0.179908
v 0.218849 -0.009641 -0.191288
v 0.221979 -0.004551 -0.179968
v 0.230389 -0.009381 -0.171618
v 0.230389 -0.004441 -0.171678
v 0.241809 -0.009341 -0.168638
v 0.241809 -0.004401 -0.168698
v 0.253189 -0.009381 -0.171758
v 0.253189 -0.004441 -0.171828
v 0.261489 -0.009491 -0.180168
v 0.261489 -0.004561 -0.180238
v 0.264469 -0.009641 -0.191598
v 0.264469 -0.004711 -0.191658
v 0.261339 -0.009791 -0.202978
v 0.261339 -0.004851 -0.203038
v 0.252929 -0.009901 -0.211268
v 0.252929 -0.004961 -0.211338
v 0.241509 -0.009941 -0.214248
v 0.241509 -0.005001 -0.214318
v 0.230129 -0.009891 -0.211118
v 0.230129 -0.004961 -0.211188
v 0.221829 -0.009781 -0.202718
v 0.221829 -0.004851 -0.202778
v 0.218849 -0.009641 -0.191288
v 0.218849 -0.004701 -0.191358
v 0.248679 -0.011851 -0.346618
v 0.254539 -0.014221 -0.348438
v 0.254539 -0.011871 -0.348458
v 0.248679 -0.014201 -0.346578
v 0.242429 -0.016051 -0.337708
v 0.242429 -0.013701 -0.337738
v 0.225299 -0.009341 -0.159578
v 0.236019 -0.007701 -0.036798
v 0.230159 -0.007681 -0.034938
v 0.239149 -0.009381 -0.162248
v 0.242269 -0.009791 -0.045628
v 0.254189 -0.018371 -0.165558
v 0.239309 -0.009611 -0.179448
v 0.236119 -0.011281 -0.182458
v 0.249739 -0.016341 -0.182458
v 0.254189 -0.020731 -0.165518
v 0.249739 -0.018691 -0.182428
v 0.239309 -0.011961 -0.179418
v 0.236119 -0.013631 -0.182438
v 0.225299 -0.011701 -0.159548
v 0.239149 -0.011731 -0.162218
v 0.242269 -0.012141 -0.045588
v 0.230159 -0.010031 -0.034918
v 0.236019 -0.010051 -0.036768
v 0.259399 -0.010201 -0.223838
v 0.248679 -0.011851 -0.346618
v 0.254539 -0.011871 -0.348458
v 0.245559 -0.010171 -0.221158
v 0.242429 -0.013701 -0.337738
v 0.230499 -0.019071 -0.217618
v 0.245389 -0.009941 -0.203958
v 0.248579 -0.011531 -0.200898
v 0.234959 -0.016581 -0.200778
v 0.230499 -0.021421 -0.217588
v 0.234959 -0.018941 -0.200738
v 0.245389 -0.012291 -0.203928
v 0.248579 -0.013881 -0.200868
v 0.259399 -0.012551 -0.223798
v 0.245559 -0.012521 -0.221128
v 0.242429 -0.016051 -0.337708
v 0.254539 -0.014221 -0.348438
v 0.248679 -0.014201 -0.346578
v 0.261339 -0.009791 -0.202978
v 0.261489 -0.009491 -0.180168
v 0.264469 -0.009641 -0.191598
v 0.253189 -0.009381 -0.171758
v 0.241809 -0.009341 -0.168638
v 0.230389 -0.009381 -0.171618
v 0.221979 -0.009491 -0.179908
v 0.218849 -0.009641 -0.191288
v 0.221829 -0.009781 -0.202718
v 0.230129 -0.009891 -0.211118
v 0.241509 -0.009941 -0.214248
v 0.252929 -0.009901 -0.211268
v 0.258389 -0.000081 -0.196168
v 0.261339 -0.004851 -0.203038
v 0.264469 -0.004711 -0.191658
v 0.261489 -0.004561 -0.180238
v 0.254009 0.000139 -0.179388
v 0.253189 -0.004441 -0.171828
v 0.241809 -0.004401 -0.168698
v 0.246039 -0.000241 -0.208358
v 0.252929 -0.004961 -0.211338
v 0.241509 -0.005001 -0.214318
v 0.237279 0.000199 -0.174778
v 0.230389 -0.004441 -0.171678
v 0.221979 -0.004551 -0.179968
v 0.224929 0.000039 -0.186958
v 0.218849 -0.004701 -0.191358
v 0.221829 -0.004851 -0.202778
v 0.229309 -0.000181 -0.203758
v 0.230129 -0.004961 -0.211188
vt 0.87300 -0.03000
vt 0.65350 -0.03420
vt 0.65350 -0.03000
vt 0.87300 -0.03420
vt 0.65350 -0.01830
vt 0.86620 -0.01420
vt 0.86620 -0.01830
vt 0.65350 -0.01420
vt 0.39540 -0.98580
vt 0.44000 -0.99000
vt 0.39540 -0.99000
vt 0.44000 -0.98580
vt 0.85670 -0.79730
vt 0.82560 -0.79340
vt 0.85670 -0.79340
vt 0.82560 -0.79730
vt 0.87300 -0.03000
vt 0.65350 -0.03420
vt 0.65350 -0.03000
vt 0.87300 -0.03420
vt 0.65350 -0.01830
vt 0.86620 -0.01420
vt 0.86620 -0.01830
vt 0.65350 -0.01420
vt 0.39540 -0.98580
vt 0.44000 -0.99000
vt 0.39540 -0.99000
vt 0.44000 -0.98580
vt 0.85670 -0.79730
vt 0.82560 -0.79340
vt 0.85670 -0.79340
vt 0.82560 -0.79730
vt 0.98680 -0.51890
vt 0.96580 -0.54140
vt 0.96580 -0.51890
vt 0.98680 -0.54140
vt 0.96580 -0.56410
vt 0.98680 -0.56410
vt 0.96580 -0.58680
vt 0.98680 -0.58680
vt 0.96580 -0.60950
vt 0.98680 -0.60950
vt 0.96580 -0.63220
vt 0.98680 -0.63220
vt 0.96580 -0.65490
vt 0.98680 -0.65490
vt 0.37610 -0.78390
vt 0.35650 -0.77970
vt 0.37610 -0.77970
vt 0.35650 -0.78390
vt 0.34580 -0.77970
vt 0.34580 -0.78390
vt 0.66890 -0.04620
vt 0.68960 -0.05470
vt 0.66890 -0.05470
vt 0.68960 -0.04620
vt 0.71040 -0.05470
vt 0.71040 -0.04620
vt 0.73110 -0.05470
vt 0.73110 -0.04620
vt 0.75190 -0.05470
vt 0.75190 -0.04620
vt 0.77290 -0.05470
vt 0.77290 -0.04620
vt 0.79370 -0.05470
vt 0.79370 -0.04620
vt 0.81440 -0.05470
vt 0.81440 -0.04620
vt 0.83520 -0.05470
vt 0.83520 -0.04620
vt 0.85590 -0.05470
vt 0.85590 -0.04620
vt 0.87670 -0.05470
vt 0.87670 -0.04620
vt 0.89740 -0.05470
vt 0.89740 -0.04620
vt 0.91840 -0.05470
vt 0.91840 -0.04620
vt 0.35650 -0.77970
vt 0.34580 -0.78390
vt 0.34580 -0.77970
vt 0.35650 -0.78390
vt 0.37610 -0.78390
vt 0.37610 -0.77970
vt 0.41220 -0.35290
vt 0.19540 -0.34240
vt 0.19270 -0.35290
vt 0.41590 -0.32820
vt 0.21050 -0.33020
vt 0.42080 -0.29720
vt 0.44620 -0.32670
vt 0.45200 -0.33260
vt 0.45080 -0.30480
vt 0.22390 -0.22340
vt 0.19390 -0.21590
vt 0.19850 -0.19390
vt 0.19270 -0.18800
vt 0.23250 -0.16800
vt 0.22880 -0.19240
vt 0.43420 -0.19050
vt 0.45200 -0.16800
vt 0.44930 -0.17830
vt 0.23250 -0.26470
vt 0.44930 -0.27520
vt 0.45200 -0.26470
vt 0.22880 -0.28940
vt 0.43420 -0.28740
vt 0.22390 -0.32040
vt 0.19850 -0.29080
vt 0.19270 -0.28500
vt 0.19390 -0.31280
vt 0.22390 -0.22340
vt 0.19390 -0.21590
vt 0.19850 -0.19390
vt 0.19270 -0.18800
vt 0.23250 -0.16800
vt 0.22880 -0.19240
vt 0.43420 -0.19050
vt 0.45200 -0.16800
vt 0.44930 -0.17830
vt 0.00980 -0.22640
vt 0.03810 -0.25470
vt 0.02000 -0.24440
vt 0.05890 -0.25470
vt 0.07690 -0.24440
vt 0.08740 -0.22640
vt 0.08740 -0.20560
vt 0.07690 -0.18750
vt 0.05910 -0.17730
vt 0.03830 -0.17730
vt 0.02030 -0.18750
vt 0.00980 -0.20560
vt 0.15700 -0.16900
vt 0.16800 -0.15800
vt 0.16780 -0.17970
vt 0.15680 -0.19880
vt 0.14190 -0.19490
vt 0.13800 -0.20980
vt 0.11580 -0.20980
vt 0.14210 -0.14290
vt 0.15700 -0.13890
vt 0.13800 -0.12800
vt 0.11180 -0.19490
vt 0.09690 -0.19880
vt 0.08600 -0.17970
vt 0.09670 -0.16870
vt 0.08600 -0.15780
vt 0.09720 -0.13870
vt 0.11180 -0.14260
vt 0.11600 -0.12800
g vehicle#prop01_4_11_0
usemtl da82c663-8715-4b2b-b635-64f3902b5610
f 2297/2297 2296/2296 2295/2295
f 2298/2298 2295/2295 2296/2296
f 2301/2301 2300/2300 2299/2299
f 2302/2302 2299/2299 2300/2300
f 2305/2305 2304/2304 2303/2303
f 2306/2306 2303/2303 2304/2304
f 2309/2309 2308/2308 2307/2307
f 2310/2310 2307/2307 2308/2308
f 2313/2313 2312/2312 2311/2311
f 2314/2314 2311/2311 2312/2312
f 2317/2317 2316/2316 2315/2315
f 2318/2318 2315/2315 2316/2316
f 2321/2321 2320/2320 2319/2319
f 2322/2322 2319/2319 2320/2320
f 2325/2325 2324/2324 2323/2323
f 2326/2326 2323/2323 2324/2324
f 2329/2329 2328/2328 2327/2327
f 2330/2330 2327/2327 2328/2328
f 2328/2328 2331/2331 2330/2330
f 2332/2332 2330/2330 2331/2331
f 2331/2331 2333/2333 2332/2332
f 2334/2334 2332/2332 2333/2333
f 2333/2333 2335/2335 2334/2334
f 2336/2336 2334/2334 2335/2335
f 2335/2335 2337/2337 2336/2336
f 2338/2338 2336/2336 2337/2337
f 2337/2337 2339/2339 2338/2338
f 2340/2340 2338/2338 2339/2339
f 2343/2343 2342/2342 2341/2341
f 2344/2344 2341/2341 2342/2342
f 2342/2342 2345/2345 2344/2344
f 2346/2346 2344/2344 2345/2345
f 2349/2349 2348/2348 2347/2347
f 2350/2350 2347/2347 2348/2348
f 2348/2348 2351/2351 2350/2350
f 2352/2352 2350/2350 2351/2351
f 2351/2351 2353/2353 2352/2352
f 2354/2354 2352/2352 2353/2353
f 2353/2353 2355/2355 2354/2354
f 2356/2356 2354/2354 2355/2355
f 2355/2355 2357/2357 2356/2356
f 2358/2358 2356/2356 2357/2357
f 2357/2357 2359/2359 2358/2358
f 2360/2360 2358/2358 2359/2359
f 2359/2359 2361/2361 2360/2360
f 2362/2362 2360/2360 2361/2361
f 2361/2361 2363/2363 2362/2362
f 2364/2364 2362/2362 2363/2363
f 2363/2363 2365/2365 2364/2364
f 2366/2366 2364/2364 2365/2365
f 2365/2365 2367/2367 2366/2366
f 2368/2368 2366/2366 2367/2367
f 2367/2367 2369/2369 2368/2368
f 2370/2370 2368/2368 2369/2369
f 2369/2369 2371/2371 2370/2370
f 2372/2372 2370/2370 2371/2371
f 2375/2375 2374/2374 2373/2373
f 2376/2376 2373/2373 2374/2374
f 2376/2376 2377/2377 2373/2373
f 2378/2378 2373/2373 2377/2377
f 2381/2381 2380/2380 2379/2379
f 2382/2382 2379/2379 2380/2380
f 2380/2380 2383/2383 2382/2382
f 2383/2383 2384/2384 2382/2382
f 2382/2382 2385/2385 2379/2379
f 2384/2384 2385/2385 2382/2382
f 2385/2385 2386/2386 2379/2379
f 2384/2384 2387/2387 2385/2385
f 2390/2390 2389/2389 2388/2388
f 2392/2392 2391/2391 2390/2390
f 2392/2392 2390/2390 2393/2393
f 2393/2393 2390/2390 2388/2388
f 2393/2393 2388/2388 2394/2394
f 2392/2392 2393/2393 2395/2395
f 2396/2396 2395/2395 2393/2393
f 2393/2393 2394/2394 2396/2396
f 2399/2399 2398/2398 2397/2397
f 2400/2400 2397/2397 2398/2398
f 2398/2398 2401/2401 2400/2400
f 2401/2401 2402/2402 2400/2400
f 2400/2400 2403/2403 2397/2397
f 2402/2402 2403/2403 2400/2400
f 2403/2403 2404/2404 2397/2397
f 2402/2402 2405/2405 2403/2403
f 2408/2408 2407/2407 2406/2406
f 2410/2410 2409/2409 2408/2408
f 2410/2410 2408/2408 2411/2411
f 2411/2411 2408/2408 2406/2406
f 2411/2411 2406/2406 2412/2412
f 2410/2410 2411/2411 2413/2413
f 2414/2414 2413/2413 2411/2411
f 2411/2411 2412/2412 2414/2414
f 2417/2417 2416/2416 2415/2415
f 2416/2416 2418/2418 2415/2415
f 2418/2418 2419/2419 2415/2415
f 2419/2419 2420/2420 2415/2415
f 2420/2420 2421/2421 2415/2415
f 2421/2421 2422/2422 2415/2415
f 2422/2422 2423/2423 2415/2415
f 2423/2423 2424/2424 2415/2415
f 2424/2424 2425/2425 2415/2415
f 2425/2425 2426/2426 2415/2415
f 2429/2429 2428/2428 2427/2427
f 2429/2429 2427/2427 2430/2430
f 2431/2431 2430/2430 2427/2427
f 2432/2432 2430/2430 2431/2431
f 2432/2432 2431/2431 2433/2433
f 2427/2427 2428/2428 2434/2434
f 2431/2431 2427/2427 2434/2434
f 2435/2435 2434/2434 2428/2428
f 2436/2436 2434/2434 2435/2435
f 2437/2437 2433/2433 2431/2431
f 2437/2437 2431/2431 2434/2434
f 2438/2438 2433/2433 2437/2437
f 2438/2438 2437/2437 2439/2439
f 2440/2440 2439/2439 2437/2437
f 2440/2440 2437/2437 2434/2434
f 2441/2441 2439/2439 2440/2440
f 2441/2441 2440/2440 2442/2442
f 2443/2443 2440/2440 2434/2434
f 2443/2443 2442/2442 2440/2440
f 2434/2434 2436/2436 2443/2443
f 2444/2444 2442/2442 2443/2443
f 2444/2444 2443/2443 2436/2436
